,chromosome,start,primer_number,forward_primer,reverse_primer,amplicon_sequence,amplicon_length,target_sequence
0,chrY,21599660,1,AAGCAGAGCCACACAGACT,GGCTCCACTTACAGGCAAAC,AAGCAGAGCCACACAGACTGGCAACCAAAAGGTTTGGAGACTCACAAAAAGAAGAAGAAGAAAAGAAGAAGAAGAAGAAGAAGAAGAAGAAGAAGAAGAAGAAGAAGAAGAAGAAGAAGAAGAAGAAGAAGCAGAAGCAGTGCTGAAGTGCATTAGCCATATTCCTTTAAGCAGGCTCCACTTACAGGCAAAC,193,GGCAACCAAAAGGTTTGGAGACTCACAAAAAGAAGAAGAAGAAAAGAAGAAGAAGAAGAAGAAGAAGAAGAAGAAGAAGAAGAAGAAGAAGAAGAAGAAGAAGAAGAAGAAGCAGAAGCAGTGCTGAAGTGCATTAGCCATATTCCTTTAAGCA
1,KZ208924.1,20719,1,AAGCAGAGCCACACAGACT,GGCTCCACTTACAGGCAAAC,AAGCAGAGCCACACAGACTGGCAACCAAAAGGTTTGGAGACTCACAAAAAGAAGAAGAAGAAAAGAAGAAGAAGAAGAAGAAGAAGAAGAAGAAGAAGAAGAAGAAGAAGAAGAAGAAGAAGAAGAAGAAGCAGAAGCAGTGCTGAAGTGCATTAGCCATATTCCTTTAAGCAGGCTCCACTTACAGGCAAAC,193,GGCAACCAAAAGGTTTGGAGACTCACAAAAAGAAGAAGAAGAAAAGAAGAAGAAGAAGAAGAAGAAGAAGAAGAAGAAGAAGAAGAAGAAGAAGAAGAAGAAGAAGAAGAAGCAGAAGCAGTGCTGAAGTGCATTAGCCATATTCCTTTAAGCA
2,chrY,25861946,2,AAGGAGCCCAGGATTGAGAG,CCTTCTGGGAAACTCAAAGTACT,AAGGAGCCCAGGATTGAGAGGCTGCAGACTGCAGTGAGCCATGATGGAACAATTGCAGTCCATCTTTGACAAAAAAATGAGACACTGTCAAGAAAGAAAGAAAGGAAGAAAGAGAGAAAGAGAGAAAGAGAAAGAGTGAAAGAGAGAAAGAAAGAAAGAAAGAAAGAAAGAAAGAAAGAAAGAAAGAAAGAAAGAAAGAAAAAATATGCGTTGAAATTTCTTAAGCCCTTTGATAAACTTCAGTATTGTTTAAATGTGTCCTGCCATTATTTTATTGTTACAATTTAAGAAGTTTATTTAAAGACGATTTTGGAAGATTACCAGGTACACTTTCTTAAGAAGTAATTAAACTTTACCAAGATGGTCAATAAGTCAACTATGCAACTTAGAGTTCTTGTGCATTAGGCCTTCTGGGAAACTCAAAGTACT,429,GCTGCAGACTGCAGTGAGCCATGATGGAACAATTGCAGTCCATCTTTGACAAAAAAATGAGACACTGTCAAGAAAGAAAGAAAGGAAGAAAGAGAGAAAGAGAGAAAGAGAAAGAGTGAAAGAGAGAAAGAAAGAAAGAAAGAAAGAAAGAAAGAAAGAAAGAAAGAAAGAAAGAAAGAAAAAATATGCGTTGAAATTTCTTAAGCCCTTTGATAAACTTCAGTATTGTTTAAATGTGTCCTGCCATTATTTTATTGTTACAATTTAAGAAGTTTATTTAAAGACGATTTTGGAAGATTACCAGGTACACTTTCTTAAGAAGTAATTAAACTTTACCAAGATGGTCAATAAGTCAACTATGCAACTTAGAGTTCTTGTGCATTAGG
3,chrY,8781895,3,ACAGCGCAGGATTCCATCTA,CGAAGGAGAGAATGAAAGGCA,ACAGCGCAGGATTCCATCTAAAAACAAAAATCAAAGAGAGACACAGGGAGAAAGAAAGAAAGGAAAAAAGAAAGAAAGAGAGAGAGAGAAAGAAAGAAAGAAAGAAAGAAAGAAAGAAAGAAAGAAAGAAAGAAAGAAAGAAAGAAAGAAAGAAAGAAAGAAAAAGAGAAAGAGAGAGGGAGGGAGGAGGGAGGGAGGAAGTAAAGAAGGTAAGAAGGAAGGATGGAAGTAAGGAAGGAAAGAAGGAAGGAAGGAACGAAGGAGAGAATGAAAGGCA,277,AAAACAAAAATCAAAGAGAGACACAGGGAGAAAGAAAGAAAGGAAAAAAGAAAGAAAGAGAGAGAGAGAAAGAAAGAAAGAAAGAAAGAAAGAAAGAAAGAAAGAAAGAAAGAAAGAAAGAAAGAAAGAAAGAAAGAAAGAAAAAGAGAAAGAGAGAGGGAGGGAGGAGGGAGGGAGGAAGTAAAGAAGGTAAGAAGGAAGGATGGAAGTAAGGAAGGAAAGAAGGAAGGAAGGAA
4,chrY,16342765,6,ACATCACATCTCTCCTTCCTTCT,TTCCACTACTTACCCCTCGC,ACATCACATCTCTCCTTCCTTCTTTCCTTCCCTCCCTCCCTCCTTTCTTTCTCTTTTTCTTTCTTTCTTTCTTCCTCTTTCTTTTCTTTTTCTTTCTTTCTTTCTTTCTTTCTTTCTTTCTTTCTTTCTTTCTTTCTTTCTCTTTCTTTCTTTCTTTCTCTGTTTCTTTCTTCTTTCTTTCTTTCTTTCTTTCTTTCTTTCTTTCTTTCTTTCCTTTCTTTCTTTCTTTCTTTCCCTTTCTTTCTTTCTTTCTTTCTTTCTTTCTTTCTTTCTTTCTTTCTTTCTTTCTATTTCTTTCTTTCTTTCTCTCTCTCTCTCTCCCCCCCTTTCCTCCTCCTCCCTTCCACTACTTACCCCTCGC,361,TTCCTTCCCTCCCTCCCTCCTTTCTTTCTCTTTTTCTTTCTTTCTTTCTTCCTCTTTCTTTTCTTTTTCTTTCTTTCTTTCTTTCTTTCTTTCTTTCTTTCTTTCTTTCTTTCTTTCTCTTTCTTTCTTTCTTTCTCTGTTTCTTTCTTCTTTCTTTCTTTCTTTCTTTCTTTCTTTCTTTCTTTCTTTCCTTTCTTTCTTTCTTTCTTTCCCTTTCTTTCTTTCTTTCTTTCTTTCTTTCTTTCTTTCTTTCTTTCTTTCTTTCTATTTCTTTCTTTCTTTCTCTCTCTCTCTCTCCCCCCCTTTCCTCCTCCTCCC
5,chrY,24981295,7,ACTGGATGGAAGTGGTACCT,AGCAATCTCAGATCACCACAAC,ACTGGATGGAAGTGGTACCTCTGCACAGCAGACCTGTTCTACAAAAGATGGTTACAGTGCTTCCTTCCTTCCTTCCTTCCTTCCTTCCTTCCTTCCTTCCTTTCTTCCTTTCTTTCTTTCTCTTTCCTTCCTTCCTTCTTTCTTTCTTTCTTTTCTTTTATTTCTTTCTTTCTTTCTTTCTTTCTTTCTTTCTTTCTTTCTTTCTTTCTTTCTTTCTTCCTTCCTTCCTTCCTTCCTTCCTTCTTTTTCTTTCATTTTCTCTCTTTCTCTCTCTCTTTCTCTTTCTTTCTTTCTTTCTCTCTTTCTTTCTTTCTTTCTTTCTTTCTTTCTTTCTTTCTTTCTTTCTTTCTTTCTTTCTTTGTCTTTCTTTCTTTCTCTCCTTCCTTCCTTCCTTCCTTCCTTCCTTCCTTCCTTCCTTCTTTCTTGAGACAGAGTGTCACTTTTGTTGCCCAGGCTGGAATGCAATAAAGCAATCTCAGATCACCACAAC,490,CTGCACAGCAGACCTGTTCTACAAAAGATGGTTACAGTGCTTCCTTCCTTCCTTCCTTCCTTCCTTCCTTCCTTCCTTCCTTTCTTCCTTTCTTTCTTTCTCTTTCCTTCCTTCCTTCTTTCTTTCTTTCTTTTCTTTTATTTCTTTCTTTCTTTCTTTCTTTCTTTCTTTCTTTCTTTCTTTCTTTCTTTCTTTCTTCCTTCCTTCCTTCCTTCCTTCCTTCTTTTTCTTTCATTTTCTCTCTTTCTCTCTCTCTTTCTCTTTCTTTCTTTCTTTCTCTCTTTCTTTCTTTCTTTCTTTCTTTCTTTCTTTCTTTCTTTCTTTCTTTCTTTCTTTCTTTGTCTTTCTTTCTTTCTCTCCTTCCTTCCTTCCTTCCTTCCTTCCTTCCTTCCTTCCTTCTTTCTTGAGACAGAGTGTCACTTTTGTTGCCCAGGCTGGAATGCAATAA
6,chrY,22270727,8,AGCTGAGGAAGAGAATGGCG,TCCAGAGACAGACTTACATTTGC,AGCTGAGGAAGAGAATGGCGTGAACCTGGGAGACAGATCTTGCAGAGAGCTGAGATTGCACCATGGCACTCCAGCCTGGGTGACAGAGTGCAAGACCCCATAGCAAAAGAAAAAAAAAGCAGAAAGGAAGAAAAAGAAAGAAAGAAAGAAAGAAAGAAAGAAAGAAAGAAAGAAAGAAAGAAAGAAAGAAAGAAAGAAAGAAAGAGAAAGAAAGAGGAAGGAAGGAAGAAAGAAAGAAAGAGACAGAAAGAAAGAAAGAAAGAAAAAAGAAAGAAAGAAGGAAAGAAAGAAAGGGAAGAAAGAAAGAGAAAGAAAGAACAAACATGTCCCAAAATTCTTCTTAATGTCGACATAAATAATGACATCTCAGGAGTATACTTTAATGTGTGCTTCAATAATGATCTCTCCATTAGAAGCCTCTAGGAGAGAAGGAATCATTGAGTTTCAATCATACAAATATTTCCAGAGACAGACTTACATTTGC,484,TGAACCTGGGAGACAGATCTTGCAGAGAGCTGAGATTGCACCATGGCACTCCAGCCTGGGTGACAGAGTGCAAGACCCCATAGCAAAAGAAAAAAAAAGCAGAAAGGAAGAAAAAGAAAGAAAGAAAGAAAGAAAGAAAGAAAGAAAGAAAGAAAGAAAGAAAGAAAGAAAGAAAGAAAGAAAGAGAAAGAAAGAGGAAGGAAGGAAGAAAGAAAGAAAGAGACAGAAAGAAAGAAAGAAAGAAAAAAGAAAGAAAGAAGGAAAGAAAGAAAGGGAAGAAAGAAAGAGAAAGAAAGAACAAACATGTCCCAAAATTCTTCTTAATGTCGACATAAATAATGACATCTCAGGAGTATACTTTAATGTGTGCTTCAATAATGATCTCTCCATTAGAAGCCTCTAGGAGAGAAGGAATCATTGAGTTTCAATCATACAAATATT
7,chrY,24005762,9,AGCTGTTAACCTTCCCAAATTGT,GTGGACTACAATGAGCCATCA,AGCTGTTAACCTTCCCAAATTGTCTTTAAATAAACTCCTTGAATTGTAGTAATAAAAAAATGAGATGACAAGACACATTAAAACAATACTGAAGTTTATCAAAGGACTTAAGGAATTTCAACTCATATCTCTCTTTTTCTTCCTTTCTTTTTTCTTTCTTTCTTTCTCTCTTTCTTTCTCTCTCTCTCCCTTCCTTCCTTCCTTCCTTCCTTCCTTCCTTCCTTCCTTCCTTCCTTCCTTCCTTCCTTCCTTCCTTTCCTTCTTTCTTTCTTTCTTTCTTTCTTTCTTTCTTTCTTTCTTTCTTTCTTTCTTTCTTTCTTTCTTTCTTTCTTTCTTTGTCTTTCAGACAGGGTCTCACTTTTTGTCAAGTGTGGACTACAATGAGCCATCA,391,CTTTAAATAAACTCCTTGAATTGTAGTAATAAAAAAATGAGATGACAAGACACATTAAAACAATACTGAAGTTTATCAAAGGACTTAAGGAATTTCAACTCATATCTCTCTTTTTCTTCCTTTCTTTTTTCTTTCTTTCTTTCTCTCTTTCTTTCTCTCTCTCTCCCTTCCTTCCTTCCTTCCTTCCTTCCTTCCTTCCTTCCTTCCTTCCTTCCTTCCTTCCTTCCTTCCTTTCCTTCTTTCTTTCTTTCTTTCTTTCTTTCTTTCTTTCTTTCTTTCTTTCTTTCTTTCTTTCTTTCTTTCTTTCTTTCTTTGTCTTTCAGACAGGGTCTCACTTTTTGTCAAGT
8,chrY,23807705,11,AGTACTTTGAGTTTCCCAGAAGG,CTCTCAATCCTGGGCTCCTT,AGTACTTTGAGTTTCCCAGAAGGCCTAATGCACAAGAACTCTAAGTTGCATAGTTGACTTATTGACCATCTTGGTAAAGTTTAATTACTTCTTAAGAAAGTGTACCTGGTAATCTTCCAAAATCGTCTTTAAATAAACTTCTTAAATTGTAACAATAAAATAATGGCAGGACACATTTAAACAATACTGAAGTTTATCAAAGGGCTTAAGAAATTTCAACGCATATTTTTTCTTTCTTTCTTTCTTTCTTTCTTTCTTTCTTTCTTTCTTTCTTTCTTTCTTTCTTTCTTTCTCTCTTTCACTCTTTCTCTTTCTCTCTTTCTCTCTTTCTTCCTTTCTTTCTTTCTTGACAGTGTCTCATTTTTTTGTCAAAGATGGACTGCAATTGTTCCATCATGGCTCACTGCAGTCTGCAGCCTCTCAATCCTGGGCTCCTT,437,CCTAATGCACAAGAACTCTAAGTTGCATAGTTGACTTATTGACCATCTTGGTAAAGTTTAATTACTTCTTAAGAAAGTGTACCTGGTAATCTTCCAAAATCGTCTTTAAATAAACTTCTTAAATTGTAACAATAAAATAATGGCAGGACACATTTAAACAATACTGAAGTTTATCAAAGGGCTTAAGAAATTTCAACGCATATTTTTTCTTTCTTTCTTTCTTTCTTTCTTTCTTTCTTTCTTTCTTTCTTTCTTTCTTTCTTTCTTTCTCTCTTTCACTCTTTCTCTTTCTCTCTTTCTCTCTTTCTTCCTTTCTTTCTTTCTTGACAGTGTCTCATTTTTTTGTCAAAGATGGACTGCAATTGTTCCATCATGGCTCACTGCAGTCTGCAGC
9,chrY,18051087,13,CAGGGAGCTTCAGTGTGC,TTCTACTGTGAGCTGAGCCA,CAGGGAGCTTCAGTGTGCTTCAGTGGGCACTTTTCTTCTTCTTCTTCTTCTTCTTCTTCTTCTTCTTCTTCTTCTTCTTCTTCTTCTTCTTCTTCTTCTTCTTCTTCTTCTTTCTTCATCTTCTTCTTCTTCCTTCTTCTCTCCTTCTTCTTCTTCTTCTTCCTCCTTCTTCTTCTTCTTCTTCTCCTCCTCCTCCTTCTTCTTCTCCTTCTCCTTCTCCTTCTCCTTCTCCTTCTCCTTCTTCTTCTTCTTCTTTCTGGATATGCTTTCTACTGTGAGCTGAGCCA,287,TTCAGTGGGCACTTTTCTTCTTCTTCTTCTTCTTCTTCTTCTTCTTCTTCTTCTTCTTCTTCTTCTTCTTCTTCTTCTTCTTCTTCTTCTTCTTTCTTCATCTTCTTCTTCTTCCTTCTTCTCTCCTTCTTCTTCTTCTTCTTCCTCCTTCTTCTTCTTCTTCTTCTCCTCCTCCTCCTTCTTCTTCTCCTTCTCCTTCTCCTTCTCCTTCTCCTTCTCCTTCTTCTTCTTCTTCTTTCTGGATATGCT
10,chrY,25645652,13,CAGGGAGCTTCAGTGTGC,TTCTACTGTGAGCTGAGCCA,CAGGGAGCTTCAGTGTGCTTCAGTGAGCACTTTTCTTCTTCTTCTTCTTCTTCTTCTTCTTCTTCTTCTTCTTCTTCTTCTTCTTCTTCTTCTTCTTCCTCTTCCTCTTCTTCTTCTTCTTCTTCTTCTTCTTCTTCTTCTTCTTCTTCTTCTTCTTCTTCTTCTTCTTCTTCTTCTTCTGCTTCTTCTTCTTCTTCTTCTTCTTCTTTTTTCTGGATATGCTTTCTACTGTGAGCTGAGCCA,243,TTCAGTGAGCACTTTTCTTCTTCTTCTTCTTCTTCTTCTTCTTCTTCTTCTTCTTCTTCTTCTTCTTCTTCTTCTTCTTCCTCTTCCTCTTCTTCTTCTTCTTCTTCTTCTTCTTCTTCTTCTTCTTCTTCTTCTTCTTCTTCTTCTTCTTCTTCTTCTTCTGCTTCTTCTTCTTCTTCTTCTTCTTCTTTTTTCTGGATATGCT
11,chrY,15084578,14,CAGTCAGCCAAGATGCCAAA,TGCCGTCTCTTAAGTGTTGC,CAGTCAGCCAAGATGCCAAAATTTCTACATGACAGAGTGAGACTCCATCTCAAAAGAAGAAAGAAGGAAAGAAAGAAAGAAAGGAACGAAGGAAGGAAGGAAGGAAGGAAGGAAGGAAGGAAGGAAGGAAGGAAGAAAGAAAGAGAAAGAAAGAAAAAAGAGGGAGGGAGGGAAGGAGGAAGGAAGGAAAGAGAGAGAGAGGGAGAGAGAACGGAAGAAAGAAAGAAAGAAAGAAAGAAAGAAAGAAAGAAAGAAAGAAAGAAAGAAAGAAAGAAAGAAAGAAAGAAAGGTAGAAAGAAAGAAAGAAAGAAAGAAAGAAAGAAAGAAAGAAAGAAAGAAAGAAAGAAAGAGAAAGAAAGAAAGAAAGAAAAAGAAAGAAAGAAAAAGAAAGGAAAGTTTTGCCAGGAGAAGCTGTCCTTCACACACCAGATGTGGTTCCAAGCCACTGCCGTCTCTTAAGTGTTGC,466,ATTTCTACATGACAGAGTGAGACTCCATCTCAAAAGAAGAAAGAAGGAAAGAAAGAAAGAAAGGAACGAAGGAAGGAAGGAAGGAAGGAAGGAAGGAAGGAAGGAAGGAAGGAAGAAAGAAAGAGAAAGAAAGAAAAAAGAGGGAGGGAGGGAAGGAGGAAGGAAGGAAAGAGAGAGAGAGGGAGAGAGAACGGAAGAAAGAAAGAAAGAAAGAAAGAAAGAAAGAAAGAAAGAAAGAAAGAAAGAAAGAAAGAAAGAAAGAAAGAAAGGTAGAAAGAAAGAAAGAAAGAAAGAAAGAAAGAAAGAAAGAAAGAAAGAAAGAAAGAAAGAGAAAGAAAGAAAGAAAGAAAAAGAAAGAAAGAAAAAGAAAGGAAAGTTTTGCCAGGAGAAGCTGTCCTTCACACACCAGATGTGGTTCCAAGCCAC
12,chrY,25337841,15,CCACCCAAATCTCACGT,TGTTGAGATGGAGTCTCGC,CCACCCAAATCTCACGTTGAATTGTAATCCCCAGTGTTGGATGTGGTTTCTAATGGTTTAGCACCATCCCCCAGTGCTTTCTCATCATAGAGTGCTCATGAGATCTGGTTGTTTAAAAGTGTACAGCATTCCCGCTTTAGCTCTCTTCCTCCTTCTCCAGCCAAGTAAGACATGCCTCCTTCCCCTTCACCTTCTGCCATGATTGTGTTTCCTGAGGCCTGCCAAGCCATGCTTCCTGTATGGCCTGTGGAACTGAGAGTCAATTAAACATCTTTCTTTCTTTCTTTCTTTCTTTCTTTCTTTCTTTCTTTCTTTCTTTCTTTCTTTCTTTCTTTCTTTCTTTCTTTTTTGTTGAGATGGAGTCTCGC,368,TGAATTGTAATCCCCAGTGTTGGATGTGGTTTCTAATGGTTTAGCACCATCCCCCAGTGCTTTCTCATCATAGAGTGCTCATGAGATCTGGTTGTTTAAAAGTGTACAGCATTCCCGCTTTAGCTCTCTTCCTCCTTCTCCAGCCAAGTAAGACATGCCTCCTTCCCCTTCACCTTCTGCCATGATTGTGTTTCCTGAGGCCTGCCAAGCCATGCTTCCTGTATGGCCTGTGGAACTGAGAGTCAATTAAACATCTTTCTTTCTTTCTTTCTTTCTTTCTTTCTTTCTTTCTTTCTTTCTTTCTTTCTTTCTTTCTTTCTTTCTTTCTTTTT
13,chrY,12649041,19,CGGAGGAAAAGAAGTGATTGTAC,TGATGCAACACACTTTGGGG,CGGAGGAAAAGAAGTGATTGTACAAAATATACCTGCACATGGCATGTTTATAGCAGCACAACTCATAATTGCAAAATCACGGAACCAACCCAAACGCCCATCAATCAATGAGTGGATAAAGAAACTGTGATAGATAGATAGATAGATAGATAGATAGATAGATAGATAGATAGATAGACAGACAGACAGATAGATACAATGGAATACTACTCAGCCACAAAAAAGAATGAGCTAATGACATTTGCAGTGGCTTGGATGAGATTGGAGGCTATTATTCTAAATGAAGTAACTCAGGAATGGAAAACCAAACATCATACGTTCTCACTGATATGTGGGAGCTAAGCTATGAGGATGCAGAGGCATAAGAATGATGCAACACACTTTGGGG,388,AAAATATACCTGCACATGGCATGTTTATAGCAGCACAACTCATAATTGCAAAATCACGGAACCAACCCAAACGCCCATCAATCAATGAGTGGATAAAGAAACTGTGATAGATAGATAGATAGATAGATAGATAGATAGATAGATAGATAGATAGACAGACAGACAGATAGATACAATGGAATACTACTCAGCCACAAAAAAGAATGAGCTAATGACATTTGCAGTGGCTTGGATGAGATTGGAGGCTATTATTCTAAATGAAGTAACTCAGGAATGGAAAACCAAACATCATACGTTCTCACTGATATGTGGGAGCTAAGCTATGAGGATGCAGAGGCATAAGAA
14,chrY,17324692,20,CTACTCCAAAGGCTGCAGGA,AAAGAAAGGGTGTGAGGGCG,CTACTCCAAAGGCTGCAGGAGAAGAATATTTTGAGCCCTGGAGGTCAAGGCTGCAAGAATCTATGATCACAGCACTTTTCTGAATCCTGGACAAGTGAGAAAAGAAAGAAAGAAAGAAAGAAAGAAAGAAAGAAAGAAAGAAAGAAAGAAAGAAAGAAAGAAAGAAAGAGAGAGAGAGAGAGAGAGAGAGAGAGAAAGAAAGAAAGAAAGAAAGAAAGAAAGAAAGAAAGAAAGAAAGAAAAAAGAGAGGGAGGGAGAGAGTATGAGGAAGGGAGGGAGGGAGTATGAGGAAGGGAGGGAGGGAGCAAGGAAGGAAGGAGAAAGGAGGGAGGAAAGGAAGGAGGGAGGGAGGAGGGAAGGAAGGAAGAAAGGGAGGAAGGGAGGAAGGAAGGAAAAGAAGAAGGAAGAAAGAAAAGAAAAAGGACAGAAAGAAAATGAGGTAGAAAGAAAGAAGGAAAGAAAGGAAGAAAGAAAGGGTGTGAGGGCG,487,GAAGAATATTTTGAGCCCTGGAGGTCAAGGCTGCAAGAATCTATGATCACAGCACTTTTCTGAATCCTGGACAAGTGAGAAAAGAAAGAAAGAAAGAAAGAAAGAAAGAAAGAAAGAAAGAAAGAAAGAAAGAAAGAAAGAAAGAAAGAGAGAGAGAGAGAGAGAGAGAGAGAGAAAGAAAGAAAGAAAGAAAGAAAGAAAGAAAGAAAGAAAGAAAGAAAAAAGAGAGGGAGGGAGAGAGTATGAGGAAGGGAGGGAGGGAGTATGAGGAAGGGAGGGAGGGAGCAAGGAAGGAAGGAGAAAGGAGGGAGGAAAGGAAGGAGGGAGGGAGGAGGGAAGGAAGGAAGAAAGGGAGGAAGGGAGGAAGGAAGGAAAAGAAGAAGGAAGAAAGAAAAGAAAAAGGACAGAAAGAAAATGAGGTAGAAAGAAAGAAGGAAAGAAAGGAAG
15,chrY,7963883,21,CTGGGTGTGCATTCGAGACT,CAATCTCCACTCCCTGCAAC,CTGGGTGTGCATTCGAGACTCACAATTTCATCATTCTGATGGATTATGTTATTACACTCTCTGTGCAAGCCAAGGGCTTTATAAGTTATCTGAGGCTGTTATAATCTTTAAACTTTTTTTTACCAGAAATAGATTTATTCACGCTTGTCTTTCTTTCTTTCTTTCTTTCTTTCTTTCTTTCTTTCTTTCTTTCTTTCTTTCTTTCTTTCTTTCTTTCTTTCTCTTTCTTTCTGTCTTTTTTCTTTCTCTTTCTTTCTTTCTTTCTTTCTTTCTTTCTTTCTTTCTTTCTTTCTTTTTCTTTCTTTCTTTCTTTCTTCCTTCTTTCTCTTTTCTTTTTTTATTATTTATTTATTTATTTTTAAGATGGAGTCTGTCACCCAGGCTGGAGTACAGTGGTGCAATCTCCACTCCCTGCAAC,418,CACAATTTCATCATTCTGATGGATTATGTTATTACACTCTCTGTGCAAGCCAAGGGCTTTATAAGTTATCTGAGGCTGTTATAATCTTTAAACTTTTTTTTACCAGAAATAGATTTATTCACGCTTGTCTTTCTTTCTTTCTTTCTTTCTTTCTTTCTTTCTTTCTTTCTTTCTTTCTTTCTTTCTTTCTTTCTTTCTTTCTCTTTCTTTCTGTCTTTTTTCTTTCTCTTTCTTTCTTTCTTTCTTTCTTTCTTTCTTTCTTTCTTTCTTTCTTTTTCTTTCTTTCTTTCTTTCTTCCTTCTTTCTCTTTTCTTTTTTTATTATTTATTTATTTATTTTTAAGATGGAGTCTGTCACCCAGGCTGGAGTACAGTGGTG
16,chrY,6993020,23,GAGGAGATTAGGARCACAGTGA,AATTTTCACCCACACCTTGCA,GAGGAGATTAGGAGCACAGTGATACTCTATACTGTGTACAGCTGTCATATATAGAACTGTCTACAATGGCTCACGTTACCATTAAACTTCAGTTATGTGACATCAAGGTTATGAAACGTAAAATGAATGATGACTAGGTAGAAATCCTGGCTGTGTCCTCCAAGTTCCTTTTCTTTCTTTCTTTCTTTCTTTCTTTCTTTCTTTCTTTCTTTCTTTCTTTCTTTCTTTCTTTCTTTCTTTTTGTAGATAGGGAATATCTGCATTTCAGCTTAGGTTGCCACCAGTTGTCTGGTTTCTTGACTATGCTGAATAATTTTCACCCACACCTTGCA,332,TACTCTATACTGTGTACAGCTGTCATATATAGAACTGTCTACAATGGCTCACGTTACCATTAAACTTCAGTTATGTGACATCAAGGTTATGAAACGTAAAATGAATGATGACTAGGTAGAAATCCTGGCTGTGTCCTCCAAGTTCCTTTTCTTTCTTTCTTTCTTTCTTTCTTTCTTTCTTTCTTTCTTTCTTTCTTTCTTTCTTTCTTTCTTTCTTTTTGTAGATAGGGAATATCTGCATTTCAGCTTAGGTTGCCACCAGTTGTCTGGTTTCTTGACTATGCTGAAT
17,chrY,56858298,26,GCAAGACTCCATCTCCAAAAAG,TCATAATGGACCCAAGCTTG,GCAAGACTCCATCTCCAAAAAGAAAGAAAGAAAGAAAGAAAGAAAGAAAGAAAGAAAGAAAGAAAGAAAGAAAGAAAGGAAAGAAAAGAAAGAAAAGAAAGAAAGAAAAGAAAGAAAGAAAGAAAGAAAAGAAAGAAAGAAGGAAAGAAGGAAAGAAGGAAAGAAGGAAAGAAGGAAGGAAAGAAAGAAAGAAAGAAAGAAAGAAAGAAAGAAAGAAAGAAAGAAAGAAAGAAAGAAAGAAAGTTAGTTAATAATGGCATTACTCATAATGGACCCAAGCTTG,283,AAAGAAAGAAAGAAAGAAAGAAAGAAAGAAAGAAAGAAAGAAAGAAAGAAAGAAAGGAAAGAAAAGAAAGAAAAGAAAGAAAGAAAAGAAAGAAAGAAAGAAAGAAAAGAAAGAAAGAAGGAAAGAAGGAAAGAAGGAAAGAAGGAAAGAAGGAAGGAAAGAAAGAAAGAAAGAAAGAAAGAAAGAAAGAAAGAAAGAAAGAAAGAAAGAAAGAAAGAAAGTTAGTTAATAATGGCATTAC
18,KN196487.1,71546,26,GCAAGACTCCATCTCCAAAAAG,TCATAATGGACCCAAGCTTG,GCAAGACTCCATCTCCAAAAAGAAAGAAAGAAAGAAAGAAAGAAAGAAAGAAAGAAAGAAAGAAAGAAAGAAAGAAAGGAAAGAAAAGAAAGAAAAGAAAGAAAGAAAAGAAAGAAAGAAAGAAAGAAAAGAAAGAAAGAAGGAAAGAAGGAAAGAAGGAAAGAAGGAAAGAAGGAAGGAAAGAAAGAAAGAAAGAAAGAAAGAAAGAAAGAAAGAAAGAAAGAAAGAAAGAAAGAAAGAAAGTTAGTTAATAATGGCATTACTCATAATGGACCCAAGCTTG,283,AAAGAAAGAAAGAAAGAAAGAAAGAAAGAAAGAAAGAAAGAAAGAAAGAAAGAAAGGAAAGAAAAGAAAGAAAAGAAAGAAAGAAAAGAAAGAAAGAAAGAAAGAAAAGAAAGAAAGAAGGAAAGAAGGAAAGAAGGAAAGAAGGAAAGAAGGAAGGAAAGAAAGAAAGAAAGAAAGAAAGAAAGAAAGAAAGAAAGAAAGAAAGAAAGAAAGAAAGAAAGTTAGTTAATAATGGCATTAC
19,chrY,13640641,27,GCAGAAAGGGCCTTAAGACA,TACCCATGGCAAGTGTCAAG,GCAGAAAGGGCCTTAAGACATAGGACTCCCCCATGCCAGTAAGAATAAAATTACAGCATGAAGTTTCACACAGGTTCAGAGGTTTGCCTCCTCCTCCTCCTCTTTCTTCTTCTTCTCCTTCTTCTTCTTCTTCTTCTTCTTCTTCTTCTTCTTCTTCTTCTTCTTCTTCTTCTTCTTCTTCTTCTTCTTCTTCTGTCACTTTTCCAAATTATTTTCTTTTGCCTTCCCTCAGTTCCCTTTTTGGCTCTAGATACCCATGGCAAGTGTCAAG,271,TAGGACTCCCCCATGCCAGTAAGAATAAAATTACAGCATGAAGTTTCACACAGGTTCAGAGGTTTGCCTCCTCCTCCTCCTCTTTCTTCTTCTTCTCCTTCTTCTTCTTCTTCTTCTTCTTCTTCTTCTTCTTCTTCTTCTTCTTCTTCTTCTTCTTCTTCTTCTTCTTCTTCTGTCACTTTTCCAAATTATTTTCTTTTGCCTTCCCTCAGTTCCCTTTTTGGCTCTAGA
20,chrY,3772235,28,GCCCTTGTTTCTATAAGTGGTCA,TCTGGCGAAGTAACCCAAAC,GCCCTTGTTTCTATAAGTGGTCATATGGTCATTGCTGATATTTATAACTACCTTCTAATATCCATTATGTATTCTGTTTGTTTTCAGCAAACACCTTAGCTAATCATGATTCTTTACCTTCTGGTGAACTGATCCAAACCTTTACTTATTTTCTTCCTTTTTTCCTCTCTCCTTCCCTCCCTCCCTCTTTCTTCCTTTCTTTCTTCCTTTCTTTCTTTCTTTCTTTCTTTCTTTCTTTCTTTCTTTCTTTCTTTCTTTCCTTCCTTCCTTCCTTCCTTCCTTCCTTCCTTCCTTCTTTCCTTCTTTCCTTCATTTCTTCTTTCTTTCTCTTTACCTTCTGGGAAACTGATCCAAACCTTTACTTACTTTCTATTTTTCTCTATTTTTCTTTCTCTATTTTTTTCTCTCCTTCCTTCCTTCCTTCCTTCCTTCCTTCCTTCCTTCCTTCCTTCCTTCCTTCCTTCTCTTTACCTTCTGGCGAAGTAACCCAAAC,493,TATGGTCATTGCTGATATTTATAACTACCTTCTAATATCCATTATGTATTCTGTTTGTTTTCAGCAAACACCTTAGCTAATCATGATTCTTTACCTTCTGGTGAACTGATCCAAACCTTTACTTATTTTCTTCCTTTTTTCCTCTCTCCTTCCCTCCCTCCCTCTTTCTTCCTTTCTTTCTTCCTTTCTTTCTTTCTTTCTTTCTTTCTTTCTTTCTTTCTTTCTTTCTTTCTTTCCTTCCTTCCTTCCTTCCTTCCTTCCTTCCTTCCTTCTTTCCTTCTTTCCTTCATTTCTTCTTTCTTTCTCTTTACCTTCTGGGAAACTGATCCAAACCTTTACTTACTTTCTATTTTTCTCTATTTTTCTTTCTCTATTTTTTTCTCTCCTTCCTTCCTTCCTTCCTTCCTTCCTTCCTTCCTTCCTTCCTTCCTTCCTTCCTTCTCTTTACCT
21,chrY,24331940,29,GCGAGACTCCATCTCAACA,ACGTGAGATTTGGGTGG,GCGAGACTCCATCTCAACAAAAAAGAAAGAAAGAAAGAAAGAAAGAAAGAAAGAAAGAAAGAAAGAAAGAAAGAAAGAAAGAAAGAAAGAAAGAAAGATGTTTAATTGACTCTCAGTTCCACAGGCCATACAGGAAGCATGGCTTGGCAGGCCTCAGGAAACACAATCATGGCAGAAGGTGAAGGGGAAGGAGGCATGTCTTACTTGGCTGGAGAAGGAGGAAGAGAGCTAAAGCGGGAATGCTGTACACTTTTAAACAACCAGATCTCATGAGCACTCTATGATGAGAAAGCACTGGGGGATGGTGCTAAACCATTAGAAACCACATCCAACACTGGGGATTACAATTCAACGTGAGATTTGGGTGG,368,AAAAAGAAAGAAAGAAAGAAAGAAAGAAAGAAAGAAAGAAAGAAAGAAAGAAAGAAAGAAAGAAAGAAAGAAAGAAAGATGTTTAATTGACTCTCAGTTCCACAGGCCATACAGGAAGCATGGCTTGGCAGGCCTCAGGAAACACAATCATGGCAGAAGGTGAAGGGGAAGGAGGCATGTCTTACTTGGCTGGAGAAGGAGGAAGAGAGCTAAAGCGGGAATGCTGTACACTTTTAAACAACCAGATCTCATGAGCACTCTATGATGAGAAAGCACTGGGGGATGGTGCTAAACCATTAGAAACCACATCCAACACTGGGGATTACAATTCA
22,chrY,16242212,30,GCGAGGGGTAAGTAGTGGAA,AGAAGGAAGGAGAGATGTGATGT,GCGAGGGGTAAGTAGTGGAAGGGAGGAGGAGGAAAGGGGGGGAGAGAGAGAGAGAGAAAGAAAGAAAGAAATAGAAAGAAAGAAAGAAAGAAAGAAAGAAAGAAAGAAAGAAAGAAAGAAAGAAAGAGAAAGAAAGAAAGAAAGGAAAGAAAGAAAGAAAGAAAGAAAGAAAGAAAGAAAGAAAGAAAGAAAGAAACAGAGAAAGAAAGAAAGAAAGAGAAAGAAAGAAAGAAAGAAAGAAAGAAAGAAAGAAAGAAAAAGAAAAGAAAGAGGAAGAAAGAAAGAAAGAAAAAGAGAAAGAAAGGAGGGAGGGAGGGAAGGAAAGAAGGAAGGAGAGATGTGATGT,346,GGGAGGAGGAGGAAAGGGGGGGAGAGAGAGAGAGAGAAAGAAAGAAAGAAATAGAAAGAAAGAAAGAAAGAAAGAAAGAAAGAAAGAAAGAAAGAAAGAAAGAAAGAGAAAGAAAGAAAGAAAGGAAAGAAAGAAAGAAAGAAAGAAAGAAAGAAAGAAAGAAAGAAAGAAAGAAACAGAGAAAGAAAGAAAGAAAGAGAAAGAAAGAAAGAAAGAAAGAAAGAAAGAAAGAAAGAAAAAGAAAAGAAAGAGGAAGAAAGAAAGAAAGAAAAAGAGAAAGAAAGGAGGGAGGGAGGGAAGGAA
23,chrY,25085898,32,GCTTAGGATTGGACCCAGGA,GCCTCCCTCTACCTATGCAA,GCTTAGGATTGGACCCAGGAGAAAAGAACCCAGAAGTCTCATATGCCGTCAAAAGGGTAAAAGTTTTTTCTTTCTTTCTTTCTTTCTTTCTTTCTTTCTTTCTTTCTTTCTTTCTTTCTTTCTTTCTTTCTTTCTTTCTTTTCTTTTTCTTTCTTTCTTTTATTTTTTCCTGTTGGGCTTTTGGCCTCCCTCTACCTATGCAA,203,GAAAAGAACCCAGAAGTCTCATATGCCGTCAAAAGGGTAAAAGTTTTTTCTTTCTTTCTTTCTTTCTTTCTTTCTTTCTTTCTTTCTTTCTTTCTTTCTTTCTTTCTTTCTTTCTTTCTTTTCTTTTTCTTTCTTTCTTTTATTTTTTCCTGTTGGGCTTTTG
24,chrY,17299965,33,GGTAAGATAATATGGCACCGTGG,GAGATAAGGAGGGAAGGAGGG,GGTAAGATAATATGGCACCGTGGCTCTCCAGCCTGGGTAACATGGTGAGACCCTGTCTGAAAGAAAAGAAAAGAAAGAAAGAAAGAAAGAAAGAAAGAAAGAAAGAAAGAAAGAAAGAAAGAAAGAGAAAGAAAGAAAGAGAAAGAAAGAAAGAAAGAAAGAGAAAGAAAGAAAGAAAGAAAGAAAGAAAGAAAGAAAGAAAGAAAGAAAGAAAGAAAGGGAAAGGGAGAAAGAGAGAGAGACAGCAAGAGAAAGAGAGAGAGATAAGGAGGGAAGGAGGG,281,CTCTCCAGCCTGGGTAACATGGTGAGACCCTGTCTGAAAGAAAAGAAAAGAAAGAAAGAAAGAAAGAAAGAAAGAAAGAAAGAAAGAAAGAAAGAAAGAAAGAGAAAGAAAGAAAGAGAAAGAAAGAAAGAAAGAAAGAGAAAGAAAGAAAGAAAGAAAGAAAGAAAGAAAGAAAGAAAGAAAGAAAGAAAGAAAGGGAAAGGGAGAAAGAGAGAGAGACAGCAAGAGAAAGAGAGA
25,chrY,6479576,35,GGYAACAGAGCAGGATTCCATCTA,TCATTATCCACATGAATTTCAAACTATGT,GGCAACAGAGCAGGATTCCATCTAAAAATATTAAACAGAGATACAGAGTTAGAGGAAAGAAAGAAAGAAAAAGAAAGAAAGAAAGAAAGAAAGAAAGAAAGAAAGAAAGAAAGAAAGAAAGAAAGAAGGAAGGAAGGAAGGAAGGAAGGAAGGAAGGAAGGAAAGAAAGAAAGAAAGAAAGAAAGAAAGAAAGAAAGAGAAAGAAAGAAAGAAAGAAAGAAAGAAAGAAAGAAAGAAAGAAAGAAAAAGAAAGAGAACGAAAGAAAGACAGGGAGAAGGGAAGGAGGGAAGAAAGAAAGACAGGGAGAAGGGAGGGAGAGAAGGAAGAAGGGAGGGAGGGAAGAAGGGAAGGAAGGAGAAAGAGAATGAAAGGCATAAAACCAAAAGGAAATGAATAAAAATAAAAACTTACGATTTTGCTCATTATCCACATGAATTTCAAACTATGT,449,AAAATATTAAACAGAGATACAGAGTTAGAGGAAAGAAAGAAAGAAAAAGAAAGAAAGAAAGAAAGAAAGAAAGAAAGAAAGAAAGAAAGAAAGAAAGAAAGAAGGAAGGAAGGAAGGAAGGAAGGAAGGAAGGAAGGAAAGAAAGAAAGAAAGAAAGAAAGAAAGAAAGAAAGAGAAAGAAAGAAAGAAAGAAAGAAAGAAAGAAAGAAAGAAAGAAAGAAAAAGAAAGAGAACGAAAGAAAGACAGGGAGAAGGGAAGGAGGGAAGAAAGAAAGACAGGGAGAAGGGAGGGAGAGAAGGAAGAAGGGAGGGAGGGAAGAAGGGAAGGAAGGAGAAAGAGAATGAAAGGCATAAAACCAAAAGGAAATGAATAAAAATAAAAACTTACGATTTTGC
26,chrY,9816611,35,GGYAACAGAGCAGGATTCCATCTA,TCATTATCCACATGAATTTTGAACTATGT,GGCAACAGAGCAGGATTCCATCTAAAAATATTAAACAGAGATACAGAGATAGAGGAAAGGAAGAAAGAAAGAAAGAAAGAAAGAAAGAAAGAAAGAAAGAAAGAAAGAAAGAAAGAAAGAAAGAAAGAAGATAGAAAGAAAGAAAGAAAGAAAGAAAGAAAGAAAGAAAGAAGGAAAGAAAGAAGGAAAGAAGGAAAGAAAGACAGGGAGAAGGGAGGGAGGGAAGAAGGGAGGGAGAAAAAGAGAATGAAAGGCATGAAACCAAAAGGAAATGAATAAAAATAAAAACATGATTTTACTCATTATCCACATGAATTTTGAACTATGT,328,AAAATATTAAACAGAGATACAGAGATAGAGGAAAGGAAGAAAGAAAGAAAGAAAGAAAGAAAGAAAGAAAGAAAGAAAGAAAGAAAGAAAGAAAGAAAGAAAGAAGATAGAAAGAAAGAAAGAAAGAAAGAAAGAAAGAAAGAAAGAAGGAAAGAAAGAAGGAAAGAAGGAAAGAAAGACAGGGAGAAGGGAGGGAGGGAAGAAGGGAGGGAGAAAAAGAGAATGAAAGGCATGAAACCAAAAGGAAATGAATAAAAATAAAAACATGATTTTAC
27,chrY,23785179,36,GTCGTGGTGGTAAGTGCATT,CCCTGACCAGCTAGTGAGAC,GTCGTGGTGGTAAGTGCATTTTATCCCATTTACTCTGGAGGCTGAGGCACGATAATGACTTGAACCCGGGCGGTGAAGTTTGCAGTGAGCTGAGATCATATGACTGCACTCCAGCCTGGGTGACAGAGCTAGATTCCATTTTACCCCTAACAAGAAAAAAAGAAGAAGAAGAAAGAGAAAAAAAGAAAGAAAGGTAGGAAGGAAGGAAGGAAGAAAGAAAGGAAGAAAGAAAGGAAGGAAGGAAGGAAGGAAGGAAGGAAGGAAGGAAGAAAGAAAGAAAGAAAGAAAGAAAGAAAGAAAGAAAGAAAGAAAGAAAGAAAGAAAATAAAAAAAACTGTGGTAGCACTTCTCACACTTCTCACACTGTGGCACCAGCACTGATACACAGATGTTCTGCTTTCCCAGTCCAGCTGAAGCTGGGTGTCTGAGCCACTTACAGACTCCAGTAGAGTGCTGTAAAACAGTTGCAACTTTGGCCCTGACCAGCTAGTGAGAC,496,TTATCCCATTTACTCTGGAGGCTGAGGCACGATAATGACTTGAACCCGGGCGGTGAAGTTTGCAGTGAGCTGAGATCATATGACTGCACTCCAGCCTGGGTGACAGAGCTAGATTCCATTTTACCCCTAACAAGAAAAAAAGAAGAAGAAGAAAGAGAAAAAAAGAAAGAAAGGTAGGAAGGAAGGAAGGAAGAAAGAAAGGAAGAAAGAAAGGAAGGAAGGAAGGAAGGAAGGAAGGAAGGAAGGAAGAAAGAAAGAAAGAAAGAAAGAAAGAAAGAAAGAAAGAAAGAAAGAAAGAAAGAAAATAAAAAAAACTGTGGTAGCACTTCTCACACTTCTCACACTGTGGCACCAGCACTGATACACAGATGTTCTGCTTTCCCAGTCCAGCTGAAGCTGGGTGTCTGAGCCACTTACAGACTCCAGTAGAGTGCTGTAAAACAGTTGCAACTTTGG
28,chrY,25884405,37,GTCTCACTAGCTGGTCAGGG,AATGCACTTACCACCACGAC,GTCTCACTAGCTGGTCAGGGCCAAAGTTGCAACTGTTTTACAGCACTCTACTGGAGTCTGTAAGTGGCTCAGACACCCAGCTTCAGCTGGACTGGGAAAGCAGAACATCTGTGTATCAGTGCTGGTGCCACAGTGTGAGAAGTGTGAGAAGTGCTACCACAGTTTTTTTTATTTTCTTTCTTTCTTTCTTTCTTTCTTTCTTTCTTTCTTTCTTTCTTTCTTTCTTTCTTCCTTCCTTCCTTCCTTCCTTCCTTCCTTCCTTCCTTCCTTTCTTTCTTCCTTTCTTTCTTCCTTCCTTCCTTCCTACCTTTCTTTCTTTTTTTCTCTTTCTTCTTCTTCTTTTTTTCTTGTTAGGGGTAAAATGGAATCTAGCTCTGTCACCCAGGCTGGAGTGCAGTCATATGATCTCAGCTCACTGCAAACTTCACCGCCCGGGTTCAAGTCATTATCGTGCCTCAGCCTCCAGAGTAAATGGGATAAAATGCACTTACCACCACGAC,500,CCAAAGTTGCAACTGTTTTACAGCACTCTACTGGAGTCTGTAAGTGGCTCAGACACCCAGCTTCAGCTGGACTGGGAAAGCAGAACATCTGTGTATCAGTGCTGGTGCCACAGTGTGAGAAGTGTGAGAAGTGCTACCACAGTTTTTTTTATTTTCTTTCTTTCTTTCTTTCTTTCTTTCTTTCTTTCTTTCTTTCTTTCTTTCTTTCTTCCTTCCTTCCTTCCTTCCTTCCTTCCTTCCTTCCTTCCTTTCTTTCTTCCTTTCTTTCTTCCTTCCTTCCTTCCTACCTTTCTTTCTTTTTTTCTCTTTCTTCTTCTTCTTTTTTTCTTGTTAGGGGTAAAATGGAATCTAGCTCTGTCACCCAGGCTGGAGTGCAGTCATATGATCTCAGCTCACTGCAAACTTCACCGCCCGGGTTCAAGTCATTATCGTGCCTCAGCCTCCAGAGTAAATGGGATAA
29,chrY,8349870,38,GTCTCTCAAGCCTGTTCTATGA,TTCTGTCTTACTCTTGTTGTCCA,GTCTCTCAAGCCTGTTCTATGAATATTTTCCCTTAACTTGTGTGATTTTTTGTTTAAAAAGTTCCCCCATGTTTTTTTCTTGCTCTTTTTCTTTTCTCTCTTTTTCTTTCTTTCTTTCTTTCTTTCTTTCTTTCTTTCTTTCTTTCTTTCTTTCTTTCTTTCTCTCTCTCCTCCTCTTTCTTTCCTTCTTTCTTTCTTTTCCTCTTTCCTTCTTTCTTTCTTTCTTTCTTTCTTTCTTTCTTTCTTTCTTTCTTTCTTTCTTTCTTTCTCTCTTTGTTTCTGTCTTACTCTTGTTGTCCA,300,ATATTTTCCCTTAACTTGTGTGATTTTTTGTTTAAAAAGTTCCCCCATGTTTTTTTCTTGCTCTTTTTCTTTTCTCTCTTTTTCTTTCTTTCTTTCTTTCTTTCTTTCTTTCTTTCTTTCTTTCTTTCTTTCTTTCTTTCTCTCTCTCCTCCTCTTTCTTTCCTTCTTTCTTTCTTTTCCTCTTTCCTTCTTTCTTTCTTTCTTTCTTTCTTTCTTTCTTTCTTTCTTTCTTTCTTTCTTTCTTTCTCTCTTTGT
30,chrY,23054574,40,GTTGTGGTGATCTGAGATTGCT,AGGTACCACTTCCATCCAGT,GTTGTGGTGATCTGAGATTGCTTTATTGCATTCCAGCCTGGGCAACAAAAGTGACACTCTGTCTCAAGAAAGAAGGAAGGAAGGAAGGAAGGAAGGAAGGAAGGAAGGAGAGAAAGAAAGAAAGACAAAGAAAGAAAGAAAGAAAGAAAGAAAGAAAGAAAGAAAGAAAGAAAGAAAGAAAGAAAGAGAAAGAGAGAAAGAAAGAAAGAAAGAGAAAGAGAGAGAGAAAGAGAGAAAATGAAAGAAAAAGAAGGAAGGAAGGAAGGAAGAAAGAAAGAAAGAAAGAAAGAAAGAAAGAAAGAAAGAAAGAAAGAAAGAAAGAAAAGAAAAGAAAGAAAGAAAGAAGGAAGGAAGGAAAGAGAAAGAAAGAAAGGAAGGAAGGAAGGAAGGAAGGAAGGAAGGAAGGAAGGAAGGAAGGAAGGAAGGAAGGAAGCACTGTAACCATCTTTTGTAGAACAGGTCTGCTGTGCAGAGGTACCACTTCCATCCAGT,492,TTATTGCATTCCAGCCTGGGCAACAAAAGTGACACTCTGTCTCAAGAAAGAAGGAAGGAAGGAAGGAAGGAAGGAAGGAAGGAAGGAGAGAAAGAAAGAAAGACAAAGAAAGAAAGAAAGAAAGAAAGAAAGAAAGAAAGAAAGAAAGAAAGAAAGAAAGAAAGAGAAAGAGAGAAAGAAAGAAAGAAAGAGAAAGAGAGAGAGAAAGAGAGAAAATGAAAGAAAAAGAAGGAAGGAAGGAAGGAAGAAAGAAAGAAAGAAAGAAAGAAAGAAAGAAAGAAAGAAAGAAAGAAAGAAAGAAAAGAAAAGAAAGAAAGAAAGAAGGAAGGAAGGAAAGAGAAAGAAAGAAAGGAAGGAAGGAAGGAAGGAAGGAAGGAAGGAAGGAAGGAAGGAAGGAAGGAAGGAAGGAAGCACTGTAACCATCTTTTGTAGAACAGGTCTGCTGTGCAG
31,chrY,23054574,40,GTTGTGGTGATCTGAGATTGCT,CAGAGGTACCACTTCCATCCA,GTTGTGGTGATCTGAGATTGCTTTATTGCATTCCAGCCTGGGCAACAAAAGTGACACTCTGTCTCAAGAAAGAAGGAAGGAAGGAAGGAAGGAAGGAAGGAAGGAAGGAGAGAAAGAAAGAAAGACAAAGAAAGAAAGAAAGAAAGAAAGAAAGAAAGAAAGAAAGAAAGAAAGAAAGAAAGAAAGAGAAAGAGAGAAAGAAAGAAAGAAAGAGAAAGAGAGAGAGAAAGAGAGAAAATGAAAGAAAAAGAAGGAAGGAAGGAAGGAAGAAAGAAAGAAAGAAAGAAAGAAAGAAAGAAAGAAAGAAAGAAAGAAAGAAAGAAAAGAAAAGAAAGAAAGAAAGAAGGAAGGAAGGAAAGAGAAAGAAAGAAAGGAAGGAAGGAAGGAAGGAAGGAAGGAAGGAAGGAAGGAAGGAAGGAAGGAAGGAAGGAAGCACTGTAACCATCTTTTGTAGAACAGGTCTGCTGTGCAGAGGTACCACTTCCATCCA,490,TTATTGCATTCCAGCCTGGGCAACAAAAGTGACACTCTGTCTCAAGAAAGAAGGAAGGAAGGAAGGAAGGAAGGAAGGAAGGAAGGAGAGAAAGAAAGAAAGACAAAGAAAGAAAGAAAGAAAGAAAGAAAGAAAGAAAGAAAGAAAGAAAGAAAGAAAGAAAGAGAAAGAGAGAAAGAAAGAAAGAAAGAGAAAGAGAGAGAGAAAGAGAGAAAATGAAAGAAAAAGAAGGAAGGAAGGAAGGAAGAAAGAAAGAAAGAAAGAAAGAAAGAAAGAAAGAAAGAAAGAAAGAAAGAAAGAAAAGAAAAGAAAGAAAGAAAGAAGGAAGGAAGGAAAGAGAAAGAAAGAAAGGAAGGAAGGAAGGAAGGAAGGAAGGAAGGAAGGAAGGAAGGAAGGAAGGAAGGAAGGAAGCACTGTAACCATCTTTTGTAGAACAGGTCTGCTGTG
32,chrY,24688314,40,GTTGTGGTGATCTGAGATTGCT,AGGTACCACTTCCATCCAGT,GTTGTGGTGATCTGAGATTGCTTTATTGCATTCCAGCCTGGGCAACAAAAGTGACACTCTGTCTCAAGAAAGAAGGAAGGAAGGAAGGAAGGAAGGAAGGAAGGAAGGAAGGAAGGAAGGAGAGAAAGAAAGAAAGACAAAGAAAGAAAGAAAGAAAGAAAGAAAGAAAGAAAGAAAGAAAGAAAGAAAGAAAGAAAGAAAGAGAGAAAGAAAGAAAGAAAGAGAAAGAGAGAGAGAAAGAGAGAAAATGAAAGAAAAAGAAGGAAGGAAGGAAGGAAGGAAGGAAGAAAGAAAGAAAGAAAGAAAGAAAGAAAGAAAGAAAGAAAGAAAGAAATAAAAGAAAAGAAAGAAAGAAAGAAGGAAGGAAGGAAAGAGAAAGAAAGAAAGGAAGAAAGGAAGGAAGGAAGGAAGGAAGGAAGGAAGGAAGGAAGGAAGGAAGCACTGTAACCATCTTTTGTAGAACAGGTCTGCTGTGCAGAGGTACCACTTCCATCCAGT,498,TTATTGCATTCCAGCCTGGGCAACAAAAGTGACACTCTGTCTCAAGAAAGAAGGAAGGAAGGAAGGAAGGAAGGAAGGAAGGAAGGAAGGAAGGAAGGAGAGAAAGAAAGAAAGACAAAGAAAGAAAGAAAGAAAGAAAGAAAGAAAGAAAGAAAGAAAGAAAGAAAGAAAGAAAGAAAGAGAGAAAGAAAGAAAGAAAGAGAAAGAGAGAGAGAAAGAGAGAAAATGAAAGAAAAAGAAGGAAGGAAGGAAGGAAGGAAGGAAGAAAGAAAGAAAGAAAGAAAGAAAGAAAGAAAGAAAGAAAGAAAGAAATAAAAGAAAAGAAAGAAAGAAAGAAGGAAGGAAGGAAAGAGAAAGAAAGAAAGGAAGAAAGGAAGGAAGGAAGGAAGGAAGGAAGGAAGGAAGGAAGGAAGGAAGCACTGTAACCATCTTTTGTAGAACAGGTCTGCTGTGCAG
33,chrY,24688314,40,GTTGTGGTGATCTGAGATTGCT,CAGAGGTACCACTTCCATCCA,GTTGTGGTGATCTGAGATTGCTTTATTGCATTCCAGCCTGGGCAACAAAAGTGACACTCTGTCTCAAGAAAGAAGGAAGGAAGGAAGGAAGGAAGGAAGGAAGGAAGGAAGGAAGGAAGGAGAGAAAGAAAGAAAGACAAAGAAAGAAAGAAAGAAAGAAAGAAAGAAAGAAAGAAAGAAAGAAAGAAAGAAAGAAAGAAAGAGAGAAAGAAAGAAAGAAAGAGAAAGAGAGAGAGAAAGAGAGAAAATGAAAGAAAAAGAAGGAAGGAAGGAAGGAAGGAAGGAAGAAAGAAAGAAAGAAAGAAAGAAAGAAAGAAAGAAAGAAAGAAAGAAATAAAAGAAAAGAAAGAAAGAAAGAAGGAAGGAAGGAAAGAGAAAGAAAGAAAGGAAGAAAGGAAGGAAGGAAGGAAGGAAGGAAGGAAGGAAGGAAGGAAGGAAGCACTGTAACCATCTTTTGTAGAACAGGTCTGCTGTGCAGAGGTACCACTTCCATCCA,496,TTATTGCATTCCAGCCTGGGCAACAAAAGTGACACTCTGTCTCAAGAAAGAAGGAAGGAAGGAAGGAAGGAAGGAAGGAAGGAAGGAAGGAAGGAAGGAGAGAAAGAAAGAAAGACAAAGAAAGAAAGAAAGAAAGAAAGAAAGAAAGAAAGAAAGAAAGAAAGAAAGAAAGAAAGAAAGAGAGAAAGAAAGAAAGAAAGAGAAAGAGAGAGAGAAAGAGAGAAAATGAAAGAAAAAGAAGGAAGGAAGGAAGGAAGGAAGGAAGAAAGAAAGAAAGAAAGAAAGAAAGAAAGAAAGAAAGAAAGAAAGAAATAAAAGAAAAGAAAGAAAGAAAGAAGGAAGGAAGGAAAGAGAAAGAAAGAAAGGAAGAAAGGAAGGAAGGAAGGAAGGAAGGAAGGAAGGAAGGAAGGAAGGAAGCACTGTAACCATCTTTTGTAGAACAGGTCTGCTGTG
34,chrY,7185278,44,TCTCAGCCAAGCAACATAGC,TCCAGGAAATGAGACTGCCA,TCTCAGCCAAGCAACATAGCAAGACCTCATCTCTGAATAAAAGAAAGAAAGAAAGAAAGAAAGAAAGAAAGAAAGAAAGAAAGAAAGAAAGAAAGAAAGAAAGAAAGAAAAAGCCAAGACAAATACGCTTATTACTCCCATCTCCTCCTTCATCTCCAGGAAATGAGACTGCCA,174,AAGACCTCATCTCTGAATAAAAGAAAGAAAGAAAGAAAGAAAGAAAGAAAGAAAGAAAGAAAGAAAGAAAGAAAGAAAGAAAGAAAGAAAAAGCCAAGACAAATACGCTTATTACTCCCATCTCCTCCTTCATC
35,chrY,14697088,45,TCTGACTCCTTGACTCCCAA,GCAGGCAGACAGAGAGACA,TCTGACTCCTTGACTCCCAATTCAGATCATCTAAAACTAAGAGTAATATTTAGGGATTATCTTGCTGACCATTAGAGAAGATGGGGTCACTAACAGATAGATAGATAGGTAGGTAGGCAGATAGATAGATAGATAGATAGATAGATAGATAGATAGATAGATTGATAGATAATAGATGTGAATCGATAGATGGAAATGGATGGATAGTAAGATGATAGCTAGGTGATATATGTATATATAGACAGATAGATAGAAAGATAGATAGATAGATAGATAGATGATAGAGATGGATAGATATAGATACATAGATAAATGATAGCTCATAATGGATAGATATAGGTAGATAGAGGTGGAGAGATAAAAGACAGAAAGTAAGACATATAGATATAGATAAGCAGATAGGTGATAGATAGATAGATAGATAGATAGATAGATAGATAGATAGATAGAAGGTAGAGATAGAAACAGGTAGACAGGTATATAGATGATGGGTATATAGATGAGAGAGATAGATAGATAGATAGATAGATAGATAGATAGATAGATAGGCAGGCAGGCAGACAGAGAGACA,571,TTCAGATCATCTAAAACTAAGAGTAATATTTAGGGATTATCTTGCTGACCATTAGAGAAGATGGGGTCACTAACAGATAGATAGATAGGTAGGTAGGCAGATAGATAGATAGATAGATAGATAGATAGATAGATAGATAGATTGATAGATAATAGATGTGAATCGATAGATGGAAATGGATGGATAGTAAGATGATAGCTAGGTGATATATGTATATATAGACAGATAGATAGAAAGATAGATAGATAGATAGATAGATGATAGAGATGGATAGATATAGATACATAGATAAATGATAGCTCATAATGGATAGATATAGGTAGATAGAGGTGGAGAGATAAAAGACAGAAAGTAAGACATATAGATATAGATAAGCAGATAGGTGATAGATAGATAGATAGATAGATAGATAGATAGATAGATAGATAGAAGGTAGAGATAGAAACAGGTAGACAGGTATATAGATGATGGGTATATAGATGAGAGAGATAGATAGATAGATAGATAGATAGATAGATAGATAGATAGGCAG
36,chrY,16759991,46,TCTGTTTCTGCATTGTTTCACTT,CACGTTTATGCTCTGTCACTCA,TCTGTTTCTGCATTGTTTCACTTAAGATAATGACCTCTAGTTCCAATTCTATCCATGTTACTGCAAAATACACAATCTTATTTTTTTTACAGCTGAATAGTATTTTATTTTGTATCTTTATGACATTTTTTCCTTCATCCCTTCCTTCTTCCTTCCTTCTTTCCTTCCTTCCTTCCTTCCTTCCTTCCTTCCTTCCTTCCTTCCTTCCTTTCTTCCTTCCTTCCTTCCTTCTTTCCTCCCTCCCTTGCTCCCTCTCTCCCTTCCTCCTTCCCTCCCTCCTTTCTTTTTCTTTCTTTCTTTCTTTCTTTCTTTCTTTCTTTCTTTCTTTCTTTCTTTCTTTCTTTCTTTCCTTATTTCTTCCTTCCTTCCTTCCTTTCTCTTTCTTTCTTTCTTTCTTTCTTTCTTTCTTTCTTTCTTTCTTTCTTTTCTTTCTCTCTTTTCTTTCTTTCTTTTCTTTCTTTTTTTTTGAGACACGTTTATGCTCTGTCACTCA,493,AAGATAATGACCTCTAGTTCCAATTCTATCCATGTTACTGCAAAATACACAATCTTATTTTTTTTACAGCTGAATAGTATTTTATTTTGTATCTTTATGACATTTTTTCCTTCATCCCTTCCTTCTTCCTTCCTTCTTTCCTTCCTTCCTTCCTTCCTTCCTTCCTTCCTTCCTTCCTTCCTTCCTTTCTTCCTTCCTTCCTTCCTTCTTTCCTCCCTCCCTTGCTCCCTCTCTCCCTTCCTCCTTCCCTCCCTCCTTTCTTTTTCTTTCTTTCTTTCTTTCTTTCTTTCTTTCTTTCTTTCTTTCTTTCTTTCTTTCTTTCTTTCCTTATTTCTTCCTTCCTTCCTTCCTTTCTCTTTCTTTCTTTCTTTCTTTCTTTCTTTCTTTCTTTCTTTCTTTCTTTTCTTTCTCTCTTTTCTTTCTTTCTTTTCTTTCTTTTTTTTTGAGA
37,chrY,25663983,48,TGATGGCTCATTGTAGTCCAC,ACAATTTGGGAAGGTTAACAGCT,TGATGGCTCATTGTAGTCCACACTTGACAAAAAGTGAGACCCTGTCTGAAAGACAAAGAAAGAAAGAAAGAAAGAAAGAAAGAAAGAAAGAAAGAAAGAAAGAAAGAAAGAAAGAAAGAAAGAAAGAAAGAAAGAAAGAAGGAAAGGAAGGAAGGAAGGAAGGAAGGAAGGAAGGAAGGAAGGAAGGAAGGAAGGAAGGAAGGAAGGGAGAGAGAGAGAAAGAAAGAGAGAAAGAAAGAAAGAAAAAAGAAAGGAAGAAAAAGAGAGATATGAGTTGAAATTCCTTAAGTCCTTTGATAAACTTCAGTATTGTTTTAATGTGTCTTGTCATCTCATTTTTTTATTACTACAATTCAAGGAGTTTATTTAAAGACAATTTGGGAAGGTTAACAGCT,395,ACTTGACAAAAAGTGAGACCCTGTCTGAAAGACAAAGAAAGAAAGAAAGAAAGAAAGAAAGAAAGAAAGAAAGAAAGAAAGAAAGAAAGAAAGAAAGAAAGAAAGAAAGAAAGAAAGAAGGAAAGGAAGGAAGGAAGGAAGGAAGGAAGGAAGGAAGGAAGGAAGGAAGGAAGGAAGGAAGGAAGGGAGAGAGAGAGAAAGAAAGAGAGAAAGAAAGAAAGAAAAAAGAAAGGAAGAAAAAGAGAGATATGAGTTGAAATTCCTTAAGTCCTTTGATAAACTTCAGTATTGTTTTAATGTGTCTTGTCATCTCATTTTTTTATTACTACAATTCAAGGAGTTTATTTAAAG
38,chrY,7849473,52,TGGATGGAAGTGGTACCTCTG,GCAATCTCAGATTACCACAACCT,TGGATGGAAGTGGTACCTCTGCAAAGCAGAGCTGTTCTACAAAAATGTGGCTAGACTTTCCTTTCCTTTCCTTTCCTTTCCTTTCCTTTCCTTTCCTTTCCTTTCCTTTCCTTTCCTTCCCTCCCTCCCTCCCTCCCTCCCTCCCTTCTTTCTCTTTCTTTCTTTCTTTCTTTCCTTCCTTCCTTCCTTCCTTCCTTCCTTCCTTCCTTCCTTCCTTCCTTCCTTCTTTCTTTCTTTCTTTCTTTCTTTCTTTCTTTCTTTCTTTCTTTCTTTCTTCCTTCCTTCCTTCCTTCTTTCTTTCGAGACAGAGTATTCCCCCTGTTGCCCAGGCTGGAGTGCACTGGGGCAATCTCAGATTACCACAACCT,368,CAAAGCAGAGCTGTTCTACAAAAATGTGGCTAGACTTTCCTTTCCTTTCCTTTCCTTTCCTTTCCTTTCCTTTCCTTTCCTTTCCTTTCCTTTCCTTCCCTCCCTCCCTCCCTCCCTCCCTCCCTTCTTTCTCTTTCTTTCTTTCTTTCTTTCCTTCCTTCCTTCCTTCCTTCCTTCCTTCCTTCCTTCCTTCCTTCCTTCCTTCTTTCTTTCTTTCTTTCTTTCTTTCTTTCTTTCTTTCTTTCTTTCTTTCTTCCTTCCTTCCTTCCTTCTTTCTTTCGAGACAGAGTATTCCCCCTGTTGCCCAGGCTGGAGTGCACTGGG
39,chrY,24981297,52,TGGATGGAAGTGGTACCTCTG,AGCAATCTCAGATCACCACAAC,TGGATGGAAGTGGTACCTCTGCACAGCAGACCTGTTCTACAAAAGATGGTTACAGTGCTTCCTTCCTTCCTTCCTTCCTTCCTTCCTTCCTTCCTTCCTTTCTTCCTTTCTTTCTTTCTCTTTCCTTCCTTCCTTCTTTCTTTCTTTCTTTTCTTTTATTTCTTTCTTTCTTTCTTTCTTTCTTTCTTTCTTTCTTTCTTTCTTTCTTTCTTTCTTCCTTCCTTCCTTCCTTCCTTCCTTCTTTTTCTTTCATTTTCTCTCTTTCTCTCTCTCTTTCTCTTTCTTTCTTTCTTTCTCTCTTTCTTTCTTTCTTTCTTTCTTTCTTTCTTTCTTTCTTTCTTTCTTTCTTTCTTTCTTTGTCTTTCTTTCTTTCTCTCCTTCCTTCCTTCCTTCCTTCCTTCCTTCCTTCCTTCCTTCTTTCTTGAGACAGAGTGTCACTTTTGTTGCCCAGGCTGGAATGCAATAAAGCAATCTCAGATCACCACAAC,488,CACAGCAGACCTGTTCTACAAAAGATGGTTACAGTGCTTCCTTCCTTCCTTCCTTCCTTCCTTCCTTCCTTCCTTCCTTTCTTCCTTTCTTTCTTTCTCTTTCCTTCCTTCCTTCTTTCTTTCTTTCTTTTCTTTTATTTCTTTCTTTCTTTCTTTCTTTCTTTCTTTCTTTCTTTCTTTCTTTCTTTCTTTCTTCCTTCCTTCCTTCCTTCCTTCCTTCTTTTTCTTTCATTTTCTCTCTTTCTCTCTCTCTTTCTCTTTCTTTCTTTCTTTCTCTCTTTCTTTCTTTCTTTCTTTCTTTCTTTCTTTCTTTCTTTCTTTCTTTCTTTCTTTCTTTGTCTTTCTTTCTTTCTCTCCTTCCTTCCTTCCTTCCTTCCTTCCTTCCTTCCTTCCTTCTTTCTTGAGACAGAGTGTCACTTTTGTTGCCCAGGCTGGAATGCAATAA
40,chrY,17854636,54,TGGCTCAGCTCACAGTAGAA,GCACACTGAAGCTCCCTG,TGGCTCAGCTCACAGTAGAAAGCATATCCAGAAAGAAGAAGAAGAAGAAGGAGAAGGAGAAGGAGAAGGAGAAGGAGAAGGAGAAGAAGAAGGAGGAGGAGGAGAAGAAGAAGAAGAAGGAGGAAGAAGAAGAAGAAGAAGGAGAGAAGAAGGAAGAAGAAGAAGATGAAGAAAGAAGAAGAAGAAGAAGAAGAAGAAGAAGAAGAAGAAGAAGAAGAAGAAGAAGAAGAAGAAGAAGAAGAAGAAGAAGAAAAGTGCCCACTGAAGCACACTGAAGCTCCCTG,284,AGCATATCCAGAAAGAAGAAGAAGAAGAAGGAGAAGGAGAAGGAGAAGGAGAAGGAGAAGGAGAAGAAGAAGGAGGAGGAGGAGAAGAAGAAGAAGAAGGAGGAAGAAGAAGAAGAAGAAGGAGAGAAGAAGGAAGAAGAAGAAGATGAAGAAAGAAGAAGAAGAAGAAGAAGAAGAAGAAGAAGAAGAAGAAGAAGAAGAAGAAGAAGAAGAAGAAGAAGAAGAAGAAGAAAAGTGCCCACTGAA
41,chrY,24024241,54,TGGCTCAGCTCACAGTAGAA,GCACACTGAAGCTCCCTG,TGGCTCAGCTCACAGTAGAAAGCATATCCAGAAAAAAGAAGAAGAAGAAGAAGAAGAAGAAGCAGAAGAAGAAGAAGAAGAAGAAGAAGAAGAAGAAGAAGAAGAAGAAGAAGAAGAAGAAGAAGAAGAAGAGGAAGAGGAAGAAGAAGAAGAAGAAGAAGAAGAAGAAGAAGAAGAAGAAGAAGAAGAAGAAGAAGAAGAAGAAGAAAAGTGCTCACTGAAGCACACTGAAGCTCCCTG,240,AGCATATCCAGAAAAAAGAAGAAGAAGAAGAAGAAGAAGAAGCAGAAGAAGAAGAAGAAGAAGAAGAAGAAGAAGAAGAAGAAGAAGAAGAAGAAGAAGAAGAAGAAGAAGAGGAAGAGGAAGAAGAAGAAGAAGAAGAAGAAGAAGAAGAAGAAGAAGAAGAAGAAGAAGAAGAAGAAGAAGAAGAAAAGTGCTCACTGAA
42,chrY,15207925,55,TGGGCCAAGATCTCGTCATT,GCCCAGAGTGCTACATGTGA,TGGGCCAAGATCTCGTCATTGCACTCCAGCCTGGGCAACACAAGTGAAACTGCTTCTCGAAAAAAGAAAGAAAGGAAGAAAGAAAGAAAGAAAGAAAGAAAGAAAGAAAGAAAGAAAGAAAGAAAGAAAGAAAGAAAGAAAGGGAGAAAGAAAGAAAGAAAGGAAGAGAAAGAAAGAAAGAAAGAAAGAAAGAAAGAAAGAAAGAAAGAAAGAAAGAAAGGAAGAGGGAGGGAAGAAGAAAAGAAAGAAGGAAGGAAGGAAGGAGGGAAAAGAAGGAAAGAAAAGAAAGAAATCACCCATGGTAAGAGCTGAAGATGTGATTAGAAAACTAAGTCCACTATTCTTGGAGCCCAGAGTGCTACATGTGA,368,GCACTCCAGCCTGGGCAACACAAGTGAAACTGCTTCTCGAAAAAAGAAAGAAAGGAAGAAAGAAAGAAAGAAAGAAAGAAAGAAAGAAAGAAAGAAAGAAAGAAAGAAAGAAAGAAAGAAAGGGAGAAAGAAAGAAAGAAAGGAAGAGAAAGAAAGAAAGAAAGAAAGAAAGAAAGAAAGAAAGAAAGAAAGAAAGAAAGGAAGAGGGAGGGAAGAAGAAAAGAAAGAAGGAAGGAAGGAAGGAGGGAAAAGAAGGAAAGAAAAGAAAGAAATCACCCATGGTAAGAGCTGAAGATGTGATTAGAAAACTAAGTCCACTATTCTTGGA
43,chrY,8465382,56,TGGTGATTACATATTGCAGAGCC,GAGTGAAGAGATACAATGACAGC,TGGTGATTACATATTGCAGAGCCCAGCACCTAGGTTAAGTGACCTTCTTCTTCTTCTTTCTTCTTCTTCTTCTTCTTCTTCTTCTTCTTCTTCTTCTTCTTCTTCTTCTTCTTCTTCTTCTTCTTCTTCTTCTTCTTCTTCTTCTTCTTCTCCTCCTCCTTCTCCTTCTTCTTCTCCTTCTCCTTCTCCTTCTCCTTCTCCTACTTCTTCTTCTTCTTCTTCTTCTTCTTCTTCTTCTTCTTCTTCTTCTTCTTCTTCTTCTTCTTCTTCTTCTTCTTCTCCTCCTTCTTCTTTATTCTTCTGTCTTTGTTTTTGTTTTGAGACAGAGTCTTGCACTGTTGCTCGGGCTGGAGTGAAGAGATACAATGACAGC,373,CAGCACCTAGGTTAAGTGACCTTCTTCTTCTTCTTTCTTCTTCTTCTTCTTCTTCTTCTTCTTCTTCTTCTTCTTCTTCTTCTTCTTCTTCTTCTTCTTCTTCTTCTTCTTCTTCTTCTTCTTCTTCTCCTCCTCCTTCTCCTTCTTCTTCTCCTTCTCCTTCTCCTTCTCCTTCTCCTACTTCTTCTTCTTCTTCTTCTTCTTCTTCTTCTTCTTCTTCTTCTTCTTCTTCTTCTTCTTCTTCTTCTTCTTCTTCTCCTCCTTCTTCTTTATTCTTCTGTCTTTGTTTTTGTTTTGAGACAGAGTCTTGCACTGTTGCTCGGGCTG
44,chrY,13446511,58,TTGAGCCCAGAAGTTCAAGAA,TCCTGTGGAAAATACAAGGTACC,TTGAGCCCAGAAGTTCAAGAACAGCCTGGGTAACAGTGTGAGATAGATAGATAGATAGATAGATAGATAGATAGATAGATAGATAGATAGATAGATAGATAGATAGATAGACAGACAGACAGACAGACAGGATGTCATTTGTTTATATCATTTAATTATAAGTGTTCATGGGCTGTACCATATAATACTGTTAAGATGACACTACTCTTAAATTTGAACTGCATATCATAATCCCTGGTGGCTTTTGGCGCAAACACAAAACTGATCCTGTGGAAAATACAAGGTACC,288,CAGCCTGGGTAACAGTGTGAGATAGATAGATAGATAGATAGATAGATAGATAGATAGATAGATAGATAGATAGATAGATAGATAGATAGACAGACAGACAGACAGACAGGATGTCATTTGTTTATATCATTTAATTATAAGTGTTCATGGGCTGTACCATATAATACTGTTAAGATGACACTACTCTTAAATTTGAACTGCATATCATAATCCCTGGTGGCTTTTGGCGCAAACACAAAACTGA
45,chrY,22950235,59,TTGCATAGGTAGAGGGAGGC,TCCTGGGTCCAATCCTAAGC,TTGCATAGGTAGAGGGAGGCCAAAAGCCCAACAGGAAAAAATAAAAGAAAGAAAGAAAAAGAAAAGGAAAGAAAGAAAGAAAGAAAGAAAGAAAGAAAGAAAGAAAGAAAGAAAGAAAGAAAGAAAGAAAGAAAGAAAGAAAGAAAAAACTTTTACCCTTTTGACAGCATATGAGACTTCTGGGTTCTTTTCTCCTGGGTCCAATCCTAAGC,212,CAAAAGCCCAACAGGAAAAAATAAAAGAAAGAAAGAAAAAGAAAAGGAAAGAAAGAAAGAAAGAAAGAAAGAAAGAAAGAAAGAAAGAAAGAAAGAAAGAAAGAAAGAAAGAAAGAAAGAAAGAAAAAACTTTTACCCTTTTGACAGCATATGAGACTTCTGGGTTCTTTTC
46,chrY,24583992,59,TTGCATAGGTAGAGGGAGGC,TCCTGGGTCCAATCCTAAGC,TTGCATAGGTAGAGGGAGGCCAAAAGCCCAACAGGAAAAAATAAAAGAAAGAAAGAAAAAGAAAAGAAAGAAAGAAAGAAAGAAAGAAAGAAAGAAAGAAAGAAAGAAAGAAAGAAAGAAAGAAAGAAAGAAAGAACTTTTACCCTTTTGACAGCATATGAGACTTCTGGGTTCTTTTCTCCTGGGTCCAATCCTAAGC,199,CAAAAGCCCAACAGGAAAAAATAAAAGAAAGAAAGAAAAAGAAAAGAAAGAAAGAAAGAAAGAAAGAAAGAAAGAAAGAAAGAAAGAAAGAAAGAAAGAAAGAAAGAAAGAAAGAACTTTTACCCTTTTGACAGCATATGAGACTTCTGGGTTCTTTTC
