,target_sequence,short_hand_annotation
0,GGCAACCAAAAGGTTTGGAGACTCACAAAAAGAAGAAGAAGAAAAGAAGAAGAAGAAGAAGAAGAAGAAGAAGAAGAAGAAGAAGAAGAAGAAGAAGAAGAAGAAGAAGAAGCAGAAGCAGTGCTGAAGTGCATTAGCCATATTCCTTTAAGCA,[N]17[GA]2[N]2[CA]2[N]2[AAG]4[N]2[AAG]23[N]27[AT]2[N]11
1,GGCAACCAAAAGGTTTGGAGACTCACAAAAAGAAGAAGAAGAAAAGAAGAAGAAGAAGAAGAAGAAGAAGAAGAAGAAGAAGAAGAAGAAGAAGAAGAAGAAGAAGAAGAAGCAGAAGCAGTGCTGAAGTGCATTAGCCATATTCCTTTAAGCA,[N]17[GA]2[N]2[CA]2[N]2[AAG]4[N]2[AAG]23[N]27[AT]2[N]11
2,GCTGCAGACTGCAGTGAGCCATGATGGAACAATTGCAGTCCATCTTTGACAAAAAAATGAGACACTGTCAAGAAAGAAAGAAAGGAAGAAAGAGAGAAAGAGAGAAAGAGAAAGAGTGAAAGAGAGAAAGAAAGAAAGAAAGAAAGAAAGAAAGAAAGAAAGAAAGAAAGAAAGAAAGAAAAAATATGCGTTGAAATTTCTTAAGCCCTTTGATAAACTTCAGTATTGTTTAAATGTGTCCTGCCATTATTTTATTGTTACAATTTAAGAAGTTTATTTAAAGACGATTTTGGAAGATTACCAGGTACACTTTCTTAAGAAGTAATTAAACTTTACCAAGATGGTCAATAAGTCAACTATGCAACTTAGAGTTCTTGTGCATTAGG,[N]58[GA]2[N]10[AAAG]3[N]6[AG]3[N]2[AG]3[AAAGAG]2[N]4[AG]3[AAAG]13[N]5[AT]2[N]47[TG]2[N]28[AAG]2[AAAT]2[N]26[AC]2[N]6[AAG]2[N]45[AG]2[N]4[TG]2[N]7
3,AAAACAAAAATCAAAGAGAGACACAGGGAGAAAGAAAGAAAGGAAAAAAGAAAGAAAGAGAGAGAGAGAAAGAAAGAAAGAAAGAAAGAAAGAAAGAAAGAAAGAAAGAAAGAAAGAAAGAAAGAAAGAAAGAAAGAAAGAAAAAGAGAAAGAGAGAGGGAGGGAGGAGGGAGGGAGGAAGTAAAGAAGGTAAGAAGGAAGGATGGAAGTAAGGAAGGAAAGAAGGAAGGAAGGAA,[N]14[AG]3[AC]2[N]3[GA]2[N]3[AAAG]2[N]4[AAAG]3[AG]5[AAAG]18[N]2[AAAGAG]2[AG]2[N]6[AGG]2[N]13[AAG]2[N]2[AAG]2[N]13[AAGG]2[N]1[AAG]2[N]1[AAGG]2[N]2
4,TTCCTTCCCTCCCTCCCTCCTTTCTTTCTCTTTTTCTTTCTTTCTTTCTTCCTCTTTCTTTTCTTTTTCTTTCTTTCTTTCTTTCTTTCTTTCTTTCTTTCTTTCTTTCTTTCTTTCTCTTTCTTTCTTTCTTTCTCTGTTTCTTTCTTCTTTCTTTCTTTCTTTCTTTCTTTCTTTCTTTCTTTCTTTCCTTTCTTTCTTTCTTTCTTTCCCTTTCTTTCTTTCTTTCTTTCTTTCTTTCTTTCTTTCTTTCTTTCTTTCTTTCTATTTCTTTCTTTCTTTCTCTCTCTCTCTCTCCCCCCCTTTCCTCCTCCTCCC,[AAGG]2[N]1[AGGG]2[N]3[AAAG]2[N]4[AAAG]4[N]3[CT]2[N]10[AAAG]13[N]2[AAAG]4[N]4[AAAG]2[N]3[AAAG]10[N]1[AAAG]5[N]2[AAAG]13[N]2[AAAG]4[TC]7[N]8[AGG]4[N]1
5,CTGCACAGCAGACCTGTTCTACAAAAGATGGTTACAGTGCTTCCTTCCTTCCTTCCTTCCTTCCTTCCTTCCTTCCTTCCTTTCTTCCTTTCTTTCTTTCTCTTTCCTTCCTTCCTTCTTTCTTTCTTTCTTTTCTTTTATTTCTTTCTTTCTTTCTTTCTTTCTTTCTTTCTTTCTTTCTTTCTTTCTTTCTTTCTTCCTTCCTTCCTTCCTTCCTTCCTTCTTTTTCTTTCATTTTCTCTCTTTCTCTCTCTCTTTCTCTTTCTTTCTTTCTTTCTCTCTTTCTTTCTTTCTTTCTTTCTTTCTTTCTTTCTTTCTTTCTTTCTTTCTTTCTTTCTTTGTCTTTCTTTCTTTCTCTCCTTCCTTCCTTCCTTCCTTCCTTCCTTCCTTCCTTCCTTCTTTCTTGAGACAGAGTGTCACTTTTGTTGCCCAGGCTGGAATGCAATAA,[N]3[CA]2[N]33[AAGG]10[N]1[AAG]2[N]1[AAAG]3[N]3[AAGG]3[N]3[AAAG]3[N]10[AAAG]14[AAGG]6[N]5[AAAG]2[N]4[TC]3[N]2[TC]5[N]2[TC]2[AAAG]4[TC]2[AAAG]14[N]6[AAAG]3[TC]2[N]1[AAGG]9[N]9[GA]2[N]1[AG]2[N]8[AAC]2[N]20
6,TGAACCTGGGAGACAGATCTTGCAGAGAGCTGAGATTGCACCATGGCACTCCAGCCTGGGTGACAGAGTGCAAGACCCCATAGCAAAAGAAAAAAAAAGCAGAAAGGAAGAAAAAGAAAGAAAGAAAGAAAGAAAGAAAGAAAGAAAGAAAGAAAGAAAGAAAGAAAGAAAGAAAGAAAGAAAGAGAAAGAAAGAGGAAGGAAGGAAGAAAGAAAGAAAGAGACAGAAAGAAAGAAAGAAAGAAAAAAGAAAGAAAGAAGGAAAGAAAGAAAGGGAAGAAAGAAAGAGAAAGAAAGAACAAACATGTCCCAAAATTCTTCTTAATGTCGACATAAATAATGACATCTCAGGAGTATACTTTAATGTGTGCTTCAATAATGATCTCTCCATTAGAAGCCTCTAGGAGAGAAGGAATCATTGAGTTTCAATCATACAAATATT,[N]9[GA]2[N]10[AG]3[N]2[GA]2[N]29[AG]2[N]44[AAAG]18[N]2[AAAG]2[N]3[AAGG]2[N]3[AAAG]3[N]6[AAAG]4[N]3[AAAG]3[N]4[AAAG]3[N]5[AAAG]2[N]2[AAAG]2[N]18[AAG]2[N]14[AAT]2[N]4[TC]2[N]5[TA]2[N]6[TG]3[N]4[AAT]2[N]2[TC]3[N]10[CT]2[N]2[GA]3[N]27[AT]2[N]1
7,CTTTAAATAAACTCCTTGAATTGTAGTAATAAAAAAATGAGATGACAAGACACATTAAAACAATACTGAAGTTTATCAAAGGACTTAAGGAATTTCAACTCATATCTCTCTTTTTCTTCCTTTCTTTTTTCTTTCTTTCTTTCTCTCTTTCTTTCTCTCTCTCTCCCTTCCTTCCTTCCTTCCTTCCTTCCTTCCTTCCTTCCTTCCTTCCTTCCTTCCTTCCTTCCTTCCTTTCCTTCTTTCTTTCTTTCTTTCTTTCTTTCTTTCTTTCTTTCTTTCTTTCTTTCTTTCTTTCTTTCTTTCTTTCTTTCTTTGTCTTTCAGACAGGGTCTCACTTTTTGTCAAGT,[N]38[GA]2[N]7[AC]2[N]48[AT]2[CT]3[N]2[AAG]2[N]8[AAAG]4[TC]2[AAAG]2[TC]5[N]2[AAGG]16[N]8[AAAG]18[N]18[TC]2[N]14
8,CCTAATGCACAAGAACTCTAAGTTGCATAGTTGACTTATTGACCATCTTGGTAAAGTTTAATTACTTCTTAAGAAAGTGTACCTGGTAATCTTCCAAAATCGTCTTTAAATAAACTTCTTAAATTGTAACAATAAAATAATGGCAGGACACATTTAAACAATACTGAAGTTTATCAAAGGGCTTAAGAAATTTCAACGCATATTTTTTCTTTCTTTCTTTCTTTCTTTCTTTCTTTCTTTCTTTCTTTCTTTCTTTCTTTCTTTCTTTCTCTCTTTCACTCTTTCTCTTTCTCTCTTTCTCTCTTTCTTCCTTTCTTTCTTTCTTGACAGTGTCTCATTTTTTTGTCAAAGATGGACTGCAATTGTTCCATCATGGCTCACTGCAGTCTGCAGC,[N]7[CA]2[N]4[CT]2[N]57[GT]2[N]55[AAT]2[N]6[AC]2[N]48[AT]2[N]2[AAAG]16[TC]2[N]5[CT]2[N]1[TC]2[N]2[TC]3[N]2[TC]3[N]1[AAG]2[N]1[AAAG]3[N]6[GT]2[N]61
9,TTCAGTGGGCACTTTTCTTCTTCTTCTTCTTCTTCTTCTTCTTCTTCTTCTTCTTCTTCTTCTTCTTCTTCTTCTTCTTCTTCTTCTTCTTCTTTCTTCATCTTCTTCTTCTTCCTTCTTCTCTCCTTCTTCTTCTTCTTCTTCCTCCTTCTTCTTCTTCTTCTTCTCCTCCTCCTCCTTCTTCTTCTCCTTCTCCTTCTCCTTCTCCTTCTCCTTCTCCTTCTTCTTCTTCTTCTTTCTGGATATGCT,[N]14[AAG]26[N]1[AAG]2[N]3[AAG]4[N]1[AAG]2[TC]2[N]1[AAG]6[N]4[AAG]6[AGG]4[AAG]3[N]3[AAGAGG]5[AAG]5[N]7[AT]2[N]3
10,TTCAGTGAGCACTTTTCTTCTTCTTCTTCTTCTTCTTCTTCTTCTTCTTCTTCTTCTTCTTCTTCTTCTTCTTCTTCTTCCTCTTCCTCTTCTTCTTCTTCTTCTTCTTCTTCTTCTTCTTCTTCTTCTTCTTCTTCTTCTTCTTCTTCTTCTTCTTCTTCTGCTTCTTCTTCTTCTTCTTCTTCTTCTTTTTTCTGGATATGCT,[N]14[AAG]22[CT]2[N]2[CT]2[N]2[AAG]23[N]3[AAG]8[N]10[AT]2[N]3
11,ATTTCTACATGACAGAGTGAGACTCCATCTCAAAAGAAGAAAGAAGGAAAGAAAGAAAGAAAGGAACGAAGGAAGGAAGGAAGGAAGGAAGGAAGGAAGGAAGGAAGGAAGGAAGAAAGAAAGAGAAAGAAAGAAAAAAGAGGGAGGGAGGGAAGGAGGAAGGAAGGAAAGAGAGAGAGAGGGAGAGAGAACGGAAGAAAGAAAGAAAGAAAGAAAGAAAGAAAGAAAGAAAGAAAGAAAGAAAGAAAGAAAGAAAGAAAGAAAGAAAGGTAGAAAGAAAGAAAGAAAGAAAGAAAGAAAGAAAGAAAGAAAGAAAGAAAGAAAGAAAGAGAAAGAAAGAAAGAAAGAAAAAGAAAGAAAGAAAAAGAAAGGAAAGTTTTGCCAGGAGAAGCTGTCCTTCACACACCAGATGTGGTTCCAAGCCAC,[N]13[AG]2[N]1[GA]2[N]5[TC]2[N]2[AAG]2[N]1[AAG]2[N]1[AAAG]4[N]5[AAGG]11[N]3[AAAG]2[N]2[AAAG]2[N]5[AG]2[N]2[AGGG]2[N]1[AGG]2[AAGG]2[N]2[AG]6[N]1[GA]4[N]7[AAAG]18[N]4[AAAG]14[N]2[AAAG]4[N]2[AAAG]3[N]2[AAAG]2[N]14[GA]2[N]10[CA]3[N]5[TG]2[N]12
12,TGAATTGTAATCCCCAGTGTTGGATGTGGTTTCTAATGGTTTAGCACCATCCCCCAGTGCTTTCTCATCATAGAGTGCTCATGAGATCTGGTTGTTTAAAAGTGTACAGCATTCCCGCTTTAGCTCTCTTCCTCCTTCTCCAGCCAAGTAAGACATGCCTCCTTCCCCTTCACCTTCTGCCATGATTGTGTTTCCTGAGGCCTGCCAAGCCATGCTTCCTGTATGGCCTGTGGAACTGAGAGTCAATTAAACATCTTTCTTTCTTTCTTTCTTTCTTTCTTTCTTTCTTTCTTTCTTTCTTTCTTTCTTTCTTTCTTTCTTTCTTTCTTTTT,[N]16[GT]2[N]4[TG]2[N]34[TC]2[N]5[AG]2[N]7[GA]2[N]15[GT]2[N]18[CT]3[AGG]2[N]1[TC]2[N]46[TG]2[N]38[TG]2[N]5[GA]2[N]14[AAAG]18[N]5
13,AAAATATACCTGCACATGGCATGTTTATAGCAGCACAACTCATAATTGCAAAATCACGGAACCAACCCAAACGCCCATCAATCAATGAGTGGATAAAGAAACTGTGATAGATAGATAGATAGATAGATAGATAGATAGATAGATAGATAGATAGACAGACAGACAGATAGATACAATGGAATACTACTCAGCCACAAAAAAGAATGAGCTAATGACATTTGCAGTGGCTTGGATGAGATTGGAGGCTATTATTCTAAATGAAGTAACTCAGGAATGGAAAACCAAACATCATACGTTCTCACTGATATGTGGGAGCTAAGCTATGAGGATGCAGAGGCATAAGAA,[N]3[AT]2[N]5[CA]2[N]9[TA]2[N]4[CA]2[N]22[AACC]2[N]35[TG]2[N]2[AGAT]11[N]2[ACAG]3[N]16[ACT]2[N]4[CA]2[N]38[GA]2[N]58[TC]2[N]4[AT]2[N]24[AG]2[N]9
14,GAAGAATATTTTGAGCCCTGGAGGTCAAGGCTGCAAGAATCTATGATCACAGCACTTTTCTGAATCCTGGACAAGTGAGAAAAGAAAGAAAGAAAGAAAGAAAGAAAGAAAGAAAGAAAGAAAGAAAGAAAGAAAGAAAGAAAGAAAGAGAGAGAGAGAGAGAGAGAGAGAGAGAAAGAAAGAAAGAAAGAAAGAAAGAAAGAAAGAAAGAAAGAAAGAAAAAAGAGAGGGAGGGAGAGAGTATGAGGAAGGGAGGGAGGGAGTATGAGGAAGGGAGGGAGGGAGCAAGGAAGGAAGGAGAAAGGAGGGAGGAAAGGAAGGAGGGAGGGAGGAGGGAAGGAAGGAAGAAAGGGAGGAAGGGAGGAAGGAAGGAAAAGAAGAAGGAAGAAAGAAAAGAAAAAGGACAGAAAGAAAATGAGGTAGAAAGAAAGAAGGAAAGAAAGGAAG,[N]5[AT]2[N]38[CA]2[N]25[GA]2[AAAG]17[AG]13[AAAG]11[N]5[AG]3[N]5[GA]3[N]9[AGGG]3[N]10[AGGG]3[N]3[AAGG]3[N]4[AGG]2[N]5[AAGG]2[AGGG]2[AGG]2[N]1[AAGG]2[N]20[AAGG]2[N]2[AAG]3[N]40[AAAG]2[N]4[AAAG]2[N]4
15,CACAATTTCATCATTCTGATGGATTATGTTATTACACTCTCTGTGCAAGCCAAGGGCTTTATAAGTTATCTGAGGCTGTTATAATCTTTAAACTTTTTTTTACCAGAAATAGATTTATTCACGCTTGTCTTTCTTTCTTTCTTTCTTTCTTTCTTTCTTTCTTTCTTTCTTTCTTTCTTTCTTTCTTTCTTTCTTTCTTTCTCTTTCTTTCTGTCTTTTTTCTTTCTCTTTCTTTCTTTCTTTCTTTCTTTCTTTCTTTCTTTCTTTCTTTCTTTTTCTTTCTTTCTTTCTTTCTTCCTTCTTTCTCTTTTCTTTTTTTATTATTTATTTATTTATTTTTAAGATGGAGTCTGTCACCCAGGCTGGAGTACAGTGGTG,[CA]2[N]24[AAT]2[N]2[CT]3[N]17[TA]2[N]16[TA]2[N]46[AAAG]18[N]2[AAAG]2[N]7[AAAG]2[N]2[AAAG]11[N]2[AAAG]5[N]9[TC]2[N]10[AAT]2[AAAT]3[N]43
16,TACTCTATACTGTGTACAGCTGTCATATATAGAACTGTCTACAATGGCTCACGTTACCATTAAACTTCAGTTATGTGACATCAAGGTTATGAAACGTAAAATGAATGATGACTAGGTAGAAATCCTGGCTGTGTCCTCCAAGTTCCTTTTCTTTCTTTCTTTCTTTCTTTCTTTCTTTCTTTCTTTCTTTCTTTCTTTCTTTCTTTCTTTCTTTCTTTTTGTAGATAGGGAATATCTGCATTTCAGCTTAGGTTGCCACCAGTTGTCTGGTTTCTTGACTATGCTGAAT,[N]2[CT]2[N]4[TG]2[N]10[AT]3[N]43[TG]2[N]22[AATG]2[N]22[TG]2[AGG]2[N]8[AAAG]17[N]16[AT]2[N]54
17,AAAGAAAGAAAGAAAGAAAGAAAGAAAGAAAGAAAGAAAGAAAGAAAGAAAGAAAGGAAAGAAAAGAAAGAAAAGAAAGAAAGAAAAGAAAGAAAGAAAGAAAGAAAAGAAAGAAAGAAGGAAAGAAGGAAAGAAGGAAAGAAGGAAAGAAGGAAGGAAAGAAAGAAAGAAAGAAAGAAAGAAAGAAAGAAAGAAAGAAAGAAAGAAAGAAAGAAAGAAAGTTAGTTAATAATGGCATTAC,[AAAG]14[N]6[AAAG]2[N]1[AAAG]3[N]1[AAAG]5[N]1[AAAG]3[N]5[AAG]2[N]2[AAG]2[N]2[AAG]2[N]2[AAG]2[N]5[AAAG]16[N]6[AAT]2[N]8
18,AAAGAAAGAAAGAAAGAAAGAAAGAAAGAAAGAAAGAAAGAAAGAAAGAAAGAAAGGAAAGAAAAGAAAGAAAAGAAAGAAAGAAAAGAAAGAAAGAAAGAAAGAAAAGAAAGAAAGAAGGAAAGAAGGAAAGAAGGAAAGAAGGAAAGAAGGAAGGAAAGAAAGAAAGAAAGAAAGAAAGAAAGAAAGAAAGAAAGAAAGAAAGAAAGAAAGAAAGAAAGTTAGTTAATAATGGCATTAC,[AAAG]14[N]6[AAAG]2[N]1[AAAG]3[N]1[AAAG]5[N]1[AAAG]3[N]5[AAG]2[N]2[AAG]2[N]2[AAG]2[N]2[AAG]2[N]5[AAAG]16[N]6[AAT]2[N]8
19,TAGGACTCCCCCATGCCAGTAAGAATAAAATTACAGCATGAAGTTTCACACAGGTTCAGAGGTTTGCCTCCTCCTCCTCCTCTTTCTTCTTCTTCTCCTTCTTCTTCTTCTTCTTCTTCTTCTTCTTCTTCTTCTTCTTCTTCTTCTTCTTCTTCTTCTTCTTCTTCTTCTTCTGTCACTTTTCCAAATTATTTTCTTTTGCCTTCCCTCAGTTCCCTTTTTGGCTCTAGA,[N]46[CA]3[N]5[AG]2[N]7[AGG]4[N]3[AAG]4[N]3[AAG]25[N]51[CT]2[N]3
20,TATGGTCATTGCTGATATTTATAACTACCTTCTAATATCCATTATGTATTCTGTTTGTTTTCAGCAAACACCTTAGCTAATCATGATTCTTTACCTTCTGGTGAACTGATCCAAACCTTTACTTATTTTCTTCCTTTTTTCCTCTCTCCTTCCCTCCCTCCCTCTTTCTTCCTTTCTTTCTTCCTTTCTTTCTTTCTTTCTTTCTTTCTTTCTTTCTTTCTTTCTTTCTTTCTTTCCTTCCTTCCTTCCTTCCTTCCTTCCTTCCTTCCTTCTTTCCTTCTTTCCTTCATTTCTTCTTTCTTTCTCTTTACCTTCTGGGAAACTGATCCAAACCTTTACTTACTTTCTATTTTTCTCTATTTTTCTTTCTCTATTTTTTTCTCTCCTTCCTTCCTTCCTTCCTTCCTTCCTTCCTTCCTTCCTTCCTTCCTTCCTTCCTTCTCTTTACCT,[N]14[AT]2[N]1[TA]2[N]11[AT]2[N]29[AC]2[N]56[AAG]2[N]8[CT]3[N]3[AGGG]3[N]3[AAG]2[N]1[AAAG]2[N]4[AAAG]13[N]1[AAGG]8[N]21[AAG]2[AAAG]2[N]31[AATG]2[N]10[TC]2[N]4[AAAG]2[N]10[TC]3[N]1[AAGG]13[N]1[TC]2[N]7
21,AAAAAGAAAGAAAGAAAGAAAGAAAGAAAGAAAGAAAGAAAGAAAGAAAGAAAGAAAGAAAGAAAGAAAGAAAGAAAGATGTTTAATTGACTCTCAGTTCCACAGGCCATACAGGAAGCATGGCTTGGCAGGCCTCAGGAAACACAATCATGGCAGAAGGTGAAGGGGAAGGAGGCATGTCTTACTTGGCTGGAGAAGGAGGAAGAGAGCTAAAGCGGGAATGCTGTACACTTTTAAACAACCAGATCTCATGAGCACTCTATGATGAGAAAGCACTGGGGGATGGTGCTAAACCATTAGAAACCACATCCAACACTGGGGATTACAATTCA,[N]2[AAAG]19[N]12[CT]2[N]6[CA]2[N]37[AC]2[N]24[AGG]2[N]17[GA]2[AGG]2[N]1[AG]3[N]18[AC]2[N]5[AAC]2[N]4[TC]2[N]7[CT]2[N]1[ACT]2[N]36[CA]2[N]4[AC]2[N]16
22,GGGAGGAGGAGGAAAGGGGGGGAGAGAGAGAGAGAGAAAGAAAGAAAGAAATAGAAAGAAAGAAAGAAAGAAAGAAAGAAAGAAAGAAAGAAAGAAAGAAAGAAAGAGAAAGAAAGAAAGAAAGGAAAGAAAGAAAGAAAGAAAGAAAGAAAGAAAGAAAGAAAGAAAGAAAGAAACAGAGAAAGAAAGAAAGAAAGAGAAAGAAAGAAAGAAAGAAAGAAAGAAAGAAAGAAAGAAAAAGAAAAGAAAGAGGAAGAAAGAAAGAAAGAAAAAGAGAAAGAAAGGAGGGAGGGAGGGAAGGAA,[N]3[AGG]3[N]9[GA]8[N]3[AAAG]2[N]6[AAAG]13[N]2[AAAG]4[N]1[AAAG]12[N]4[AG]2[AAAG]4[N]2[AAAG]9[N]1[AAAAG]2[N]2[AG]2[N]4[AAAG]3[N]4[AG]2[AAAG]2[N]1[AGGG]3[N]6
23,GAAAAGAACCCAGAAGTCTCATATGCCGTCAAAAGGGTAAAAGTTTTTTCTTTCTTTCTTTCTTTCTTTCTTTCTTTCTTTCTTTCTTTCTTTCTTTCTTTCTTTCTTTCTTTCTTTCTTTTCTTTTTCTTTCTTTCTTTTATTTTTTCCTGTTGGGCTTTTG,[N]16[TC]2[AT]2[N]22[AAAG]18[N]7[AAAG]3[N]26
24,CTCTCCAGCCTGGGTAACATGGTGAGACCCTGTCTGAAAGAAAAGAAAAGAAAGAAAGAAAGAAAGAAAGAAAGAAAGAAAGAAAGAAAGAAAGAAAGAAAGAGAAAGAAAGAAAGAGAAAGAAAGAAAGAAAGAAAGAGAAAGAAAGAAAGAAAGAAAGAAAGAAAGAAAGAAAGAAAGAAAGAAAGAAAGAAAGGGAAAGGGAGAAAGAGAGAGAGACAGCAAGAGAAAGAGAGA,[CT]2[N]19[GA]2[N]13[AAAAG]2[AAAG]13[N]2[AAAG]3[N]2[AAAG]5[N]2[AAAG]14[N]7[GA]2[N]1[AG]5[N]6[AG]2[N]2[AG]3[N]1
25,AAAATATTAAACAGAGATACAGAGTTAGAGGAAAGAAAGAAAGAAAAAGAAAGAAAGAAAGAAAGAAAGAAAGAAAGAAAGAAAGAAAGAAAGAAAGAAAGAAGGAAGGAAGGAAGGAAGGAAGGAAGGAAGGAAGGAAAGAAAGAAAGAAAGAAAGAAAGAAAGAAAGAAAGAGAAAGAAAGAAAGAAAGAAAGAAAGAAAGAAAGAAAGAAAGAAAGAAAAAGAAAGAGAACGAAAGAAAGACAGGGAGAAGGGAAGGAGGGAAGAAAGAAAGACAGGGAGAAGGGAGGGAGAGAAGGAAGAAGGGAGGGAGGGAAGAAGGGAAGGAAGGAGAAAGAGAATGAAAGGCATAAAACCAAAAGGAAATGAATAAAAATAAAAACTTACGATTTTGC,[N]3[AT]2[N]5[AG]2[N]4[AG]2[N]2[AG]2[N]1[AAAG]3[N]2[AAAG]14[AAGG]9[AAAG]9[N]2[AAAG]11[N]2[AAAG]2[N]6[AAAG]2[N]5[GA]2[N]5[AGG]2[N]4[AAAG]2[N]5[GA]2[AGGG]2[AG]2[N]4[AAG]2[N]2[AGGG]2[AAG]2[N]2[AAGG]2[N]4[AG]2[N]56
26,AAAATATTAAACAGAGATACAGAGATAGAGGAAAGGAAGAAAGAAAGAAAGAAAGAAAGAAAGAAAGAAAGAAAGAAAGAAAGAAAGAAAGAAAGAAAGAAAGAAGATAGAAAGAAAGAAAGAAAGAAAGAAAGAAAGAAAGAAAGAAGGAAAGAAAGAAGGAAAGAAGGAAAGAAAGACAGGGAGAAGGGAGGGAGGGAAGAAGGGAGGGAGAAAAAGAGAATGAAAGGCATGAAACCAAAAGGAAATGAATAAAAATAAAAACATGATTTTAC,[N]3[AT]2[N]5[AG]2[N]4[AG]2[N]2[AG]2[N]9[AAAG]16[N]7[AAAG]9[N]4[AAAG]2[N]5[AAG]2[N]1[AAAG]2[N]5[GA]2[AGGG]3[AAG]2[N]5[GA]2[N]3[AG]2[N]54
27,TTATCCCATTTACTCTGGAGGCTGAGGCACGATAATGACTTGAACCCGGGCGGTGAAGTTTGCAGTGAGCTGAGATCATATGACTGCACTCCAGCCTGGGTGACAGAGCTAGATTCCATTTTACCCCTAACAAGAAAAAAAGAAGAAGAAGAAAGAGAAAAAAAGAAAGAAAGGTAGGAAGGAAGGAAGGAAGAAAGAAAGGAAGAAAGAAAGGAAGGAAGGAAGGAAGGAAGGAAGGAAGGAAGGAAGAAAGAAAGAAAGAAAGAAAGAAAGAAAGAAAGAAAGAAAGAAAGAAAGAAAGAAAATAAAAAAAACTGTGGTAGCACTTCTCACACTTCTCACACTGTGGCACCAGCACTGATACACAGATGTTCTGCTTTCCCAGTCCAGCTGAAGCTGGGTGTCTGAGCCACTTACAGACTCCAGTAGAGTGCTGTAAAACAGTTGCAACTTTGG,[N]12[CT]2[N]55[GA]2[N]2[AT]2[N]23[AG]2[N]31[AAG]4[N]2[AG]2[N]4[AAAG]3[N]5[AAGG]3[N]3[AAAG]2[N]4[AAAG]2[N]1[AAGG]8[N]3[AAAG]13[N]14[TG]2[N]8[TC]2[AC]2[N]1[TC]2[AC]2[TG]2[N]14[AC]2[N]34[GT]2[N]23[AG]2[N]25
28,CCAAAGTTGCAACTGTTTTACAGCACTCTACTGGAGTCTGTAAGTGGCTCAGACACCCAGCTTCAGCTGGACTGGGAAAGCAGAACATCTGTGTATCAGTGCTGGTGCCACAGTGTGAGAAGTGTGAGAAGTGCTACCACAGTTTTTTTTATTTTCTTTCTTTCTTTCTTTCTTTCTTTCTTTCTTTCTTTCTTTCTTTCTTTCTTTCTTCCTTCCTTCCTTCCTTCCTTCCTTCCTTCCTTCCTTCCTTTCTTTCTTCCTTTCTTTCTTCCTTCCTTCCTTCCTACCTTTCTTTCTTTTTTTCTCTTTCTTCTTCTTCTTTTTTTCTTGTTAGGGGTAAAATGGAATCTAGCTCTGTCACCCAGGCTGGAGTGCAGTCATATGATCTCAGCTCACTGCAAACTTCACCGCCCGGGTTCAAGTCATTATCGTGCCTCAGCCTCCAGAGTAAATGGGATAA,[N]25[CT]2[N]23[AC]2[N]33[TG]2[N]15[CA]2[GT]2[GA]2[N]1[GT]2[GA]2[N]8[CA]2[N]11[AAAG]14[AAGG]10[AAAG]2[N]4[AAAG]2[AAGG]4[N]4[AAAG]2[N]6[TC]2[N]1[AAG]4[N]33[CT]2[N]23[AT]2[N]2[TC]2[N]55[AG]2[N]12
29,ATATTTTCCCTTAACTTGTGTGATTTTTTGTTTAAAAAGTTCCCCCATGTTTTTTTCTTGCTCTTTTTCTTTTCTCTCTTTTTCTTTCTTTCTTTCTTTCTTTCTTTCTTTCTTTCTTTCTTTCTTTCTTTCTTTCTTTCTCTCTCTCCTCCTCTTTCTTTCCTTCTTTCTTTCTTTTCCTCTTTCCTTCTTTCTTTCTTTCTTTCTTTCTTTCTTTCTTTCTTTCTTTCTTTCTTTCTTTCTTTCTCTCTTTGT,[AT]2[N]12[TG]3[N]38[CT]2[AAAAG]2[TC]2[N]2[AAAG]15[TC]4[N]3[CT]2[N]11[AAAG]2[N]5[CT]2[N]7[AAAG]14[TC]2[N]5
30,TTATTGCATTCCAGCCTGGGCAACAAAAGTGACACTCTGTCTCAAGAAAGAAGGAAGGAAGGAAGGAAGGAAGGAAGGAAGGAAGGAGAGAAAGAAAGAAAGACAAAGAAAGAAAGAAAGAAAGAAAGAAAGAAAGAAAGAAAGAAAGAAAGAAAGAAAGAAAGAGAAAGAGAGAAAGAAAGAAAGAAAGAGAAAGAGAGAGAGAAAGAGAGAAAATGAAAGAAAAAGAAGGAAGGAAGGAAGGAAGAAAGAAAGAAAGAAAGAAAGAAAGAAAGAAAGAAAGAAAGAAAGAAAGAAAGAAAAGAAAAGAAAGAAAGAAAGAAGGAAGGAAGGAAAGAGAAAGAAAGAAAGGAAGGAAGGAAGGAAGGAAGGAAGGAAGGAAGGAAGGAAGGAAGGAAGGAAGGAAGGAAGCACTGTAACCATCTTTTGTAGAACAGGTCTGCTGTGCAG,[N]31[AC]2[N]4[TC]2[N]4[AAG]2[N]1[AAGG]8[AG]2[AAAG]3[N]2[AAAG]15[N]4[AG]3[AAAG]4[N]4[AG]5[N]2[AG]3[N]13[AAG]2[N]1[AAGG]3[N]3[AAAG]13[AAAAG]2[AAAG]3[AAGG]3[N]2[AG]2[AAAG]3[N]1[AAGG]14[N]35[TG]2[N]3
31,TTATTGCATTCCAGCCTGGGCAACAAAAGTGACACTCTGTCTCAAGAAAGAAGGAAGGAAGGAAGGAAGGAAGGAAGGAAGGAAGGAGAGAAAGAAAGAAAGACAAAGAAAGAAAGAAAGAAAGAAAGAAAGAAAGAAAGAAAGAAAGAAAGAAAGAAAGAAAGAGAAAGAGAGAAAGAAAGAAAGAAAGAGAAAGAGAGAGAGAAAGAGAGAAAATGAAAGAAAAAGAAGGAAGGAAGGAAGGAAGAAAGAAAGAAAGAAAGAAAGAAAGAAAGAAAGAAAGAAAGAAAGAAAGAAAGAAAAGAAAAGAAAGAAAGAAAGAAGGAAGGAAGGAAAGAGAAAGAAAGAAAGGAAGGAAGGAAGGAAGGAAGGAAGGAAGGAAGGAAGGAAGGAAGGAAGGAAGGAAGGAAGCACTGTAACCATCTTTTGTAGAACAGGTCTGCTGTG,[N]31[AC]2[N]4[TC]2[N]4[AAG]2[N]1[AAGG]8[AG]2[AAAG]3[N]2[AAAG]15[N]4[AG]3[AAAG]4[N]4[AG]5[N]2[AG]3[N]13[AAG]2[N]1[AAGG]3[N]3[AAAG]13[AAAAG]2[AAAG]3[AAGG]3[N]2[AG]2[AAAG]3[N]1[AAGG]14[N]35[TG]2
32,TTATTGCATTCCAGCCTGGGCAACAAAAGTGACACTCTGTCTCAAGAAAGAAGGAAGGAAGGAAGGAAGGAAGGAAGGAAGGAAGGAAGGAAGGAAGGAGAGAAAGAAAGAAAGACAAAGAAAGAAAGAAAGAAAGAAAGAAAGAAAGAAAGAAAGAAAGAAAGAAAGAAAGAAAGAAAGAGAGAAAGAAAGAAAGAAAGAGAAAGAGAGAGAGAAAGAGAGAAAATGAAAGAAAAAGAAGGAAGGAAGGAAGGAAGGAAGGAAGAAAGAAAGAAAGAAAGAAAGAAAGAAAGAAAGAAAGAAAGAAAGAAATAAAAGAAAAGAAAGAAAGAAAGAAGGAAGGAAGGAAAGAGAAAGAAAGAAAGGAAGAAAGGAAGGAAGGAAGGAAGGAAGGAAGGAAGGAAGGAAGGAAGGAAGCACTGTAACCATCTTTTGTAGAACAGGTCTGCTGTGCAG,[N]31[AC]2[N]4[TC]2[N]4[AAG]2[N]1[AAGG]11[AG]2[AAAG]3[N]2[AAAG]16[AG]2[AAAG]4[N]4[AG]5[N]2[AG]3[N]13[AAG]2[N]1[AAGG]5[N]3[AAAG]11[N]4[AAAAG]2[AAAG]3[AAGG]3[N]2[AG]2[AAAG]3[N]5[AAGG]11[N]35[TG]2[N]3
33,TTATTGCATTCCAGCCTGGGCAACAAAAGTGACACTCTGTCTCAAGAAAGAAGGAAGGAAGGAAGGAAGGAAGGAAGGAAGGAAGGAAGGAAGGAAGGAGAGAAAGAAAGAAAGACAAAGAAAGAAAGAAAGAAAGAAAGAAAGAAAGAAAGAAAGAAAGAAAGAAAGAAAGAAAGAAAGAGAGAAAGAAAGAAAGAAAGAGAAAGAGAGAGAGAAAGAGAGAAAATGAAAGAAAAAGAAGGAAGGAAGGAAGGAAGGAAGGAAGAAAGAAAGAAAGAAAGAAAGAAAGAAAGAAAGAAAGAAAGAAAGAAATAAAAGAAAAGAAAGAAAGAAAGAAGGAAGGAAGGAAAGAGAAAGAAAGAAAGGAAGAAAGGAAGGAAGGAAGGAAGGAAGGAAGGAAGGAAGGAAGGAAGGAAGCACTGTAACCATCTTTTGTAGAACAGGTCTGCTGTG,[N]31[AC]2[N]4[TC]2[N]4[AAG]2[N]1[AAGG]11[AG]2[AAAG]3[N]2[AAAG]16[AG]2[AAAG]4[N]4[AG]5[N]2[AG]3[N]13[AAG]2[N]1[AAGG]5[N]3[AAAG]11[N]4[AAAAG]2[AAAG]3[AAGG]3[N]2[AG]2[AAAG]3[N]5[AAGG]11[N]35[TG]2
34,AAGACCTCATCTCTGAATAAAAGAAAGAAAGAAAGAAAGAAAGAAAGAAAGAAAGAAAGAAAGAAAGAAAGAAAGAAAGAAAGAAAGAAAAAGCCAAGACAAATACGCTTATTACTCCCATCTCCTCCTTCATC,[N]9[TC]2[N]6[AAAG]17[N]21[AAT]2[N]6[TC]2[N]10
35,TTCAGATCATCTAAAACTAAGAGTAATATTTAGGGATTATCTTGCTGACCATTAGAGAAGATGGGGTCACTAACAGATAGATAGATAGGTAGGTAGGCAGATAGATAGATAGATAGATAGATAGATAGATAGATAGATAGATTGATAGATAATAGATGTGAATCGATAGATGGAAATGGATGGATAGTAAGATGATAGCTAGGTGATATATGTATATATAGACAGATAGATAGAAAGATAGATAGATAGATAGATAGATGATAGAGATGGATAGATATAGATACATAGATAAATGATAGCTCATAATGGATAGATATAGGTAGATAGAGGTGGAGAGATAAAAGACAGAAAGTAAGACATATAGATATAGATAAGCAGATAGGTGATAGATAGATAGATAGATAGATAGATAGATAGATAGATAGATAGAAGGTAGAGATAGAAACAGGTAGACAGGTATATAGATGATGGGTATATAGATGAGAGAGATAGATAGATAGATAGATAGATAGATAGATAGATAGATAGGCAG,[N]5[ATC]2[N]8[AG]2[N]2[AT]2[N]24[AG]2[N]17[AGAT]3[N]3[ATCC]2[N]1[AGAT]11[N]14[TG]2[N]16[ACCT]2[N]21[AT]3[N]1[TA]4[N]3[AGAT]2[N]4[AGAT]6[N]3[AG]2[N]8[AT]2[N]35[AT]2[N]8[AG]2[N]3[GA]3[N]20[AT]2[N]2[AT]2[N]19[AGAT]10[N]7[AG]2[N]19[TA]3[N]9[TA]3[N]3[GA]4[N]1[AGAT]9[N]6
36,AAGATAATGACCTCTAGTTCCAATTCTATCCATGTTACTGCAAAATACACAATCTTATTTTTTTTACAGCTGAATAGTATTTTATTTTGTATCTTTATGACATTTTTTCCTTCATCCCTTCCTTCTTCCTTCCTTCTTTCCTTCCTTCCTTCCTTCCTTCCTTCCTTCCTTCCTTCCTTCCTTCCTTTCTTCCTTCCTTCCTTCCTTCTTTCCTCCCTCCCTTGCTCCCTCTCTCCCTTCCTCCTTCCCTCCCTCCTTTCTTTTTCTTTCTTTCTTTCTTTCTTTCTTTCTTTCTTTCTTTCTTTCTTTCTTTCTTTCTTTCTTTCCTTATTTCTTCCTTCCTTCCTTCCTTTCTCTTTCTTTCTTTCTTTCTTTCTTTCTTTCTTTCTTTCTTTCTTTCTTTTCTTTCTCTCTTTTCTTTCTTTCTTTTCTTTCTTTTTTTTTGAGA,[N]11[CT]2[N]31[AC]2[N]72[AAG]2[N]9[AAGG]12[N]1[AAG]2[N]1[AAGG]3[N]5[AGG]2[N]12[CT]3[N]4[AGG]2[N]1[AGGG]2[N]9[AAAG]16[N]5[AAG]2[N]1[AAGG]3[N]2[TC]2[AAAG]11[N]1[AAAG]2[TC]2[N]1[AAAG]3[N]1[AAAG]2[N]9[GA]2
37,ACTTGACAAAAAGTGAGACCCTGTCTGAAAGACAAAGAAAGAAAGAAAGAAAGAAAGAAAGAAAGAAAGAAAGAAAGAAAGAAAGAAAGAAAGAAAGAAAGAAAGAAAGAAAGAAAGAAGGAAAGGAAGGAAGGAAGGAAGGAAGGAAGGAAGGAAGGAAGGAAGGAAGGAAGGAAGGAAGGAAGGGAGAGAGAGAGAAAGAAAGAGAGAAAGAAAGAAAGAAAAAAGAAAGGAAGAAAAAGAGAGATATGAGTTGAAATTCCTTAAGTCCTTTGATAAACTTCAGTATTGTTTTAATGTGTCTTGTCATCTCATTTTTTTATTACTACAATTCAAGGAGTTTATTTAAAG,[N]14[GA]2[N]15[AAAG]21[N]5[AAGG]16[GA]6[N]5[AG]3[AAAG]3[N]3[AAAG]2[N]8[AG]3[AT]2[N]47[TG]2[N]8[TC]2[N]6[AAT]2[N]15[AAAT]2[N]3
38,CAAAGCAGAGCTGTTCTACAAAAATGTGGCTAGACTTTCCTTTCCTTTCCTTTCCTTTCCTTTCCTTTCCTTTCCTTTCCTTTCCTTTCCTTTCCTTCCCTCCCTCCCTCCCTCCCTCCCTCCCTTCTTTCTCTTTCTTTCTTTCTTTCTTTCCTTCCTTCCTTCCTTCCTTCCTTCCTTCCTTCCTTCCTTCCTTCCTTCCTTCTTTCTTTCTTTCTTTCTTTCTTTCTTTCTTTCTTTCTTTCTTTCTTTCTTCCTTCCTTCCTTCCTTCTTTCTTTCGAGACAGAGTATTCCCCCTGTTGCCCAGGCTGGAGTGCACTGGG,[N]6[AG]2[N]14[TG]2[N]7[AAAGG]12[N]1[AGGG]7[N]5[TC]2[AAAG]5[N]1[AAGG]12[N]3[AAAG]12[AAGG]4[N]3[AAAG]2[GA]2[N]1[AG]2[N]35
39,CACAGCAGACCTGTTCTACAAAAGATGGTTACAGTGCTTCCTTCCTTCCTTCCTTCCTTCCTTCCTTCCTTCCTTCCTTTCTTCCTTTCTTTCTTTCTCTTTCCTTCCTTCCTTCTTTCTTTCTTTCTTTTCTTTTATTTCTTTCTTTCTTTCTTTCTTTCTTTCTTTCTTTCTTTCTTTCTTTCTTTCTTTCTTCCTTCCTTCCTTCCTTCCTTCCTTCTTTTTCTTTCATTTTCTCTCTTTCTCTCTCTCTTTCTCTTTCTTTCTTTCTTTCTCTCTTTCTTTCTTTCTTTCTTTCTTTCTTTCTTTCTTTCTTTCTTTCTTTCTTTCTTTCTTTGTCTTTCTTTCTTTCTCTCCTTCCTTCCTTCCTTCCTTCCTTCCTTCCTTCCTTCCTTCTTTCTTGAGACAGAGTGTCACTTTTGTTGCCCAGGCTGGAATGCAATAA,[CA]2[N]33[AAGG]10[N]1[AAG]2[N]1[AAAG]3[N]3[AAGG]3[N]3[AAAG]3[N]10[AAAG]14[AAGG]6[N]5[AAAG]2[N]4[TC]3[N]2[TC]5[N]2[TC]2[AAAG]4[TC]2[AAAG]14[N]6[AAAG]3[TC]2[N]1[AAGG]9[N]9[GA]2[N]1[AG]2[N]8[AAC]2[N]20
40,AGCATATCCAGAAAGAAGAAGAAGAAGAAGGAGAAGGAGAAGGAGAAGGAGAAGGAGAAGGAGAAGAAGAAGGAGGAGGAGGAGAAGAAGAAGAAGAAGGAGGAAGAAGAAGAAGAAGAAGGAGAGAAGAAGGAAGAAGAAGAAGATGAAGAAAGAAGAAGAAGAAGAAGAAGAAGAAGAAGAAGAAGAAGAAGAAGAAGAAGAAGAAGAAGAAGAAGAAGAAGAAGAAGAAAAGTGCCCACTGAA,[N]3[AT]2[N]5[AAG]6[GA]2[N]2[GA]2[N]2[GA]2[N]2[GA]2[N]2[GA]2[N]2[GA]2[N]2[AAG]2[N]1[AGG]3[N]2[AAG]5[N]4[AAG]6[GA]3[N]6[AAG]4[N]7[AAG]26[N]16
41,AGCATATCCAGAAAAAAGAAGAAGAAGAAGAAGAAGAAGAAGCAGAAGAAGAAGAAGAAGAAGAAGAAGAAGAAGAAGAAGAAGAAGAAGAAGAAGAAGAAGAAGAAGAAGAGGAAGAGGAAGAAGAAGAAGAAGAAGAAGAAGAAGAAGAAGAAGAAGAAGAAGAAGAAGAAGAAGAAGAAGAAGAAAAGTGCTCACTGAA,[N]3[AT]2[N]8[AAG]9[N]3[AAG]22[N]4[AG]2[N]1[AAG]22[N]16
42,GCACTCCAGCCTGGGCAACACAAGTGAAACTGCTTCTCGAAAAAAGAAAGAAAGGAAGAAAGAAAGAAAGAAAGAAAGAAAGAAAGAAAGAAAGAAAGAAAGAAAGAAAGAAAGAAAGAAAGGGAGAAAGAAAGAAAGAAAGGAAGAGAAAGAAAGAAAGAAAGAAAGAAAGAAAGAAAGAAAGAAAGAAAGAAAGAAAGGAAGAGGGAGGGAAGAAGAAAAGAAAGAAGGAAGGAAGGAAGGAGGGAAAAGAAGGAAAGAAAAGAAAGAAATCACCCATGGTAAGAGCTGAAGATGTGATTAGAAAACTAAGTCCACTATTCTTGGA,[N]17[AC]2[N]13[TC]2[N]4[AAAG]3[N]4[AAAG]16[N]1[GA]2[N]3[AAAG]3[N]2[AG]2[AAAG]13[N]2[AG]2[N]6[AAG]2[N]1[AAAG]2[AAGG]4[N]6[AAG]2[N]6[AAAG]2[N]15[AG]2[N]7[TG]2[N]29
43,CAGCACCTAGGTTAAGTGACCTTCTTCTTCTTCTTTCTTCTTCTTCTTCTTCTTCTTCTTCTTCTTCTTCTTCTTCTTCTTCTTCTTCTTCTTCTTCTTCTTCTTCTTCTTCTTCTTCTTCTTCTTCTCCTCCTCCTTCTCCTTCTTCTTCTCCTTCTCCTTCTCCTTCTCCTTCTCCTACTTCTTCTTCTTCTTCTTCTTCTTCTTCTTCTTCTTCTTCTTCTTCTTCTTCTTCTTCTTCTTCTTCTTCTTCTTCTCCTCCTTCTTCTTTATTCTTCTGTCTTTGTTTTTGTTTTGAGACAGAGTCTTGCACTGTTGCTCGGGCTG,[N]21[AAG]4[N]1[AAG]31[AGG]3[N]1[TC]2[N]1[AAG]3[N]3[AAGAGG]4[N]3[AAG]25[AGG]2[AAG]2[N]4[AAG]2[N]9[AAAAC]2[N]4[AG]2[N]22
44,CAGCCTGGGTAACAGTGTGAGATAGATAGATAGATAGATAGATAGATAGATAGATAGATAGATAGATAGATAGATAGATAGATAGATAGACAGACAGACAGACAGACAGGATGTCATTTGTTTATATCATTTAATTATAAGTGTTCATGGGCTGTACCATATAATACTGTTAAGATGACACTACTCTTAAATTTGAACTGCATATCATAATCCCTGGTGGCTTTTGGCGCAAACACAAAACTGA,[N]14[GT]2[GA]2[N]1[AGAT]16[N]2[ACAG]5[N]13[TA]2[N]9[TA]2[N]1[GT]2[N]14[AT]2[N]15[AC]2[N]2[CT]2[N]14[AT]2[N]9[ACC]2[N]6[GC]2[N]2[AC]2[N]8
45,CAAAAGCCCAACAGGAAAAAATAAAAGAAAGAAAGAAAAAGAAAAGGAAAGAAAGAAAGAAAGAAAGAAAGAAAGAAAGAAAGAAAGAAAGAAAGAAAGAAAGAAAGAAAGAAAGAAAGAAAGAAAAAACTTTTACCCTTTTGACAGCATATGAGACTTCTGGGTTCTTTTC,[N]23[AAAG]3[N]1[AAAAG]2[N]1[AAAG]19[N]25[AT]2[GA]2[N]16
46,CAAAAGCCCAACAGGAAAAAATAAAAGAAAGAAAGAAAAAGAAAAGAAAGAAAGAAAGAAAGAAAGAAAGAAAGAAAGAAAGAAAGAAAGAAAGAAAGAAAGAAAGAAAGAAAGAACTTTTACCCTTTTGACAGCATATGAGACTTCTGGGTTCTTTTC,[N]23[AAAG]3[N]1[AAAAG]2[AAAG]17[N]21[AT]2[GA]2[N]16
